DAY,DATE,EASTERN,LOCAL,AWAY,HOME,AwayTeam,HomeTeam,Game
Fri.,2024-10-04,1:00 PM,7:00 PM,New Jersey,Buffalo,,,
Sat.,2024-10-05,10:00 AM,4:00 PM,Buffalo,New Jersey,,,
Tue.,2024-10-08,4:30 PM,1:30 PM,St. Louis,Seattle,,,
Tue.,2024-10-08,7:00 PM,7:00 PM,Boston,Florida,,,
Tue.,2024-10-08,10:00 PM,8:00 PM,Chicago,Utah,,,
Wed.,2024-10-09,7:00 PM,7:00 PM,Toronto,Montreal,,,
Wed.,2024-10-09,7:30 PM,7:30 PM,N.Y. Rangers,Pittsburgh,,,
Wed.,2024-10-09,10:00 PM,8:00 PM,Winnipeg,Edmonton,,,
Wed.,2024-10-09,10:00 PM,7:00 PM,Calgary,Vancouver,,,
Wed.,2024-10-09,10:00 PM,7:00 PM,Colorado,Vegas,,,
Thu.,2024-10-10,7:00 PM,7:00 PM,Montreal,Boston,,,
Thu.,2024-10-10,7:00 PM,7:00 PM,Los Angeles,Buffalo,,,
Thu.,2024-10-10,7:00 PM,7:00 PM,Florida,Ottawa,,,
Thu.,2024-10-10,7:00 PM,7:00 PM,Pittsburgh,Detroit,,,
Thu.,2024-10-10,7:00 PM,7:00 PM,Toronto,New Jersey,,,
Thu.,2024-10-10,7:30 PM,7:30 PM,Utah,N.Y. Islanders,,,
Thu.,2024-10-10,8:00 PM,7:00 PM,Dallas,Nashville,,,
Thu.,2024-10-10,8:00 PM,7:00 PM,Columbus,Minnesota,,,
Thu.,2024-10-10,10:30 PM,7:30 PM,St. Louis,San Jose,,,
Fri.,2024-10-11,7:00 PM,7:00 PM,Tampa Bay,Carolina,,,
Fri.,2024-10-11,8:00 PM,7:00 PM,Chicago,Winnipeg,,,
Fri.,2024-10-11,10:00 PM,7:00 PM,Philadelphia,Vancouver,,,
Fri.,2024-10-11,10:00 PM,7:00 PM,St. Louis,Vegas,,,
Sat.,2024-10-12,1:00 PM,1:00 PM,Los Angeles,Boston,,,
Sat.,2024-10-12,7:00 PM,7:00 PM,Florida,Buffalo,,,
Sat.,2024-10-12,7:00 PM,7:00 PM,Pittsburgh,Toronto,,,
Sat.,2024-10-12,7:00 PM,7:00 PM,Ottawa,Montreal,,,
Sat.,2024-10-12,7:00 PM,7:00 PM,Nashville,Detroit,,,
Sat.,2024-10-12,7:00 PM,7:00 PM,Carolina,Tampa Bay,,,
Sat.,2024-10-12,7:00 PM,7:00 PM,Utah,N.Y. Rangers,,,
Sat.,2024-10-12,7:00 PM,7:00 PM,New Jersey,Washington,,,
Sat.,2024-10-12,8:00 PM,7:00 PM,N.Y. Islanders,Dallas,,,
Sat.,2024-10-12,8:00 PM,7:00 PM,Seattle,Minnesota,,,
Sat.,2024-10-12,9:00 PM,7:00 PM,Columbus,Colorado,,,
Sat.,2024-10-12,10:00 PM,8:00 PM,Philadelphia,Calgary,,,
Sat.,2024-10-12,10:00 PM,8:00 PM,Chicago,Edmonton,,,
Sat.,2024-10-12,10:00 PM,7:00 PM,Anaheim,San Jose,,,
Sun.,2024-10-13,6:00 PM,5:00 PM,Minnesota,Winnipeg,,,
Sun.,2024-10-13,8:00 PM,7:00 PM,Seattle,Dallas,,,
Sun.,2024-10-13,8:00 PM,6:00 PM,Calgary,Edmonton,,,
Sun.,2024-10-13,10:00 PM,7:00 PM,Anaheim,Vegas,,,
Mon.,2024-10-14,1:00 PM,1:00 PM,Florida,Boston,,,
Mon.,2024-10-14,1:00 PM,1:00 PM,Los Angeles,Ottawa,,,
Mon.,2024-10-14,1:00 PM,1:00 PM,Utah,New Jersey,,,
Mon.,2024-10-14,7:00 PM,7:00 PM,Detroit,N.Y. Rangers,,,
Mon.,2024-10-14,7:30 PM,7:30 PM,Pittsburgh,Montreal,,,
Mon.,2024-10-14,9:00 PM,7:00 PM,N.Y. Islanders,Colorado,,,
Tue.,2024-10-15,7:00 PM,7:00 PM,Vancouver,Tampa Bay,,,
Tue.,2024-10-15,7:00 PM,7:00 PM,Vegas,Washington,,,
Tue.,2024-10-15,7:00 PM,7:00 PM,New Jersey,Carolina,,,
Tue.,2024-10-15,7:00 PM,7:00 PM,Florida,Columbus,,,
Tue.,2024-10-15,7:30 PM,6:30 PM,Minnesota,St. Louis,,,
Tue.,2024-10-15,8:00 PM,7:00 PM,Seattle,Nashville,,,
Tue.,2024-10-15,8:00 PM,7:00 PM,San Jose,Dallas,,,
Tue.,2024-10-15,9:00 PM,7:00 PM,Chicago,Calgary,,,
Tue.,2024-10-15,10:00 PM,8:00 PM,Philadelphia,Edmonton,,,
Wed.,2024-10-16,7:00 PM,7:00 PM,Buffalo,Pittsburgh,,,
Wed.,2024-10-16,7:30 PM,7:30 PM,Los Angeles,Toronto,,,
Wed.,2024-10-16,9:30 PM,7:30 PM,Boston,Colorado,,,
Wed.,2024-10-16,10:00 PM,7:00 PM,Utah,Anaheim,,,
Thu.,2024-10-17,7:00 PM,7:00 PM,Los Angeles,Montreal,,,
Thu.,2024-10-17,7:00 PM,7:00 PM,New Jersey,Ottawa,,,
Thu.,2024-10-17,7:00 PM,7:00 PM,N.Y. Rangers,Detroit,,,
Thu.,2024-10-17,7:00 PM,7:00 PM,Vegas,Tampa Bay,,,
Thu.,2024-10-17,7:00 PM,7:00 PM,Vancouver,Florida,,,
Thu.,2024-10-17,7:00 PM,7:00 PM,Dallas,Washington,,,
Thu.,2024-10-17,7:00 PM,7:00 PM,Buffalo,Columbus,,,
Thu.,2024-10-17,8:00 PM,7:00 PM,N.Y. Islanders,St. Louis,,,
Thu.,2024-10-17,8:00 PM,7:00 PM,Edmonton,Nashville,,,
Thu.,2024-10-17,8:30 PM,7:30 PM,San Jose,Chicago,,,
Thu.,2024-10-17,10:00 PM,7:00 PM,Philadelphia,Seattle,,,
Fri.,2024-10-18,7:00 PM,7:00 PM,Carolina,Pittsburgh,,,
Fri.,2024-10-18,8:00 PM,7:00 PM,San Jose,Winnipeg,,,
Fri.,2024-10-18,9:00 PM,7:00 PM,Anaheim,Colorado,,,
Sat.,2024-10-19,1:00 PM,1:00 PM,Tampa Bay,Ottawa,,,
Sat.,2024-10-19,2:00 PM,1:00 PM,Detroit,Nashville,,,
Sat.,2024-10-19,4:00 PM,3:00 PM,Edmonton,Dallas,,,
Sat.,2024-10-19,6:00 PM,6:00 PM,Vegas,Florida,,,
Sat.,2024-10-19,7:00 PM,7:00 PM,N.Y. Rangers,Toronto,,,
Sat.,2024-10-19,7:00 PM,7:00 PM,Washington,New Jersey,,,
Sat.,2024-10-19,7:00 PM,7:00 PM,Montreal,N.Y. Islanders,,,
Sat.,2024-10-19,7:00 PM,7:00 PM,Vancouver,Philadelphia,,,
Sat.,2024-10-19,7:00 PM,7:00 PM,Minnesota,Columbus,,,
Sat.,2024-10-19,7:00 PM,6:00 PM,Carolina,St. Louis,,,
Sat.,2024-10-19,8:00 PM,7:00 PM,Buffalo,Chicago,,,
Sat.,2024-10-19,9:00 PM,7:00 PM,Boston,Utah,,,
Sat.,2024-10-19,10:00 PM,7:00 PM,Calgary,Seattle,,,
Sun.,2024-10-20,3:00 PM,2:00 PM,Pittsburgh,Winnipeg,,,
Sun.,2024-10-20,4:00 PM,1:00 PM,Colorado,San Jose,,,
Sun.,2024-10-20,8:00 PM,5:00 PM,Los Angeles,Anaheim,,,
Mon.,2024-10-21,7:30 PM,7:30 PM,Tampa Bay,Toronto,,,
Tue.,2024-10-22,6:00 PM,6:00 PM,Washington,Philadelphia,,,
Tue.,2024-10-22,6:30 PM,6:30 PM,Minnesota,Florida,,,
Tue.,2024-10-22,6:45 PM,6:45 PM,Tampa Bay,New Jersey,,,
Tue.,2024-10-22,7:00 PM,7:00 PM,Dallas,Buffalo,,,
Tue.,2024-10-22,7:15 PM,7:15 PM,N.Y. Rangers,Montreal,,,
Tue.,2024-10-22,7:30 PM,7:30 PM,Toronto,Columbus,,,
Tue.,2024-10-22,7:45 PM,7:45 PM,Detroit,N.Y. Islanders,,,
Tue.,2024-10-22,8:00 PM,7:00 PM,Winnipeg,St. Louis,,,
Tue.,2024-10-22,8:15 PM,7:15 PM,Vancouver,Chicago,,,
Tue.,2024-10-22,8:30 PM,7:30 PM,Boston,Nashville,,,
Tue.,2024-10-22,8:45 PM,6:45 PM,Pittsburgh,Calgary,,,
Tue.,2024-10-22,9:00 PM,7:00 PM,Carolina,Edmonton,,,
Tue.,2024-10-22,9:15 PM,7:15 PM,Ottawa,Utah,,,
Tue.,2024-10-22,9:45 PM,6:45 PM,San Jose,Anaheim,,,
Tue.,2024-10-22,10:30 PM,7:30 PM,Colorado,Seattle,,,
Tue.,2024-10-22,11:00 PM,8:00 PM,Los Angeles,Vegas,,,
Wed.,2024-10-23,7:30 PM,7:30 PM,Philadelphia,Washington,,,
Thu.,2024-10-24,7:00 PM,7:00 PM,Dallas,Boston,,,
Thu.,2024-10-24,7:00 PM,7:00 PM,St. Louis,Toronto,,,
Thu.,2024-10-24,7:00 PM,7:00 PM,New Jersey,Detroit,,,
Thu.,2024-10-24,7:00 PM,7:00 PM,Minnesota,Tampa Bay,,,
Thu.,2024-10-24,7:00 PM,7:00 PM,Florida,N.Y. Rangers,,,
Thu.,2024-10-24,9:00 PM,7:00 PM,Carolina,Calgary,,,
Thu.,2024-10-24,9:00 PM,7:00 PM,Colorado,Utah,,,
Thu.,2024-10-24,10:00 PM,7:00 PM,Winnipeg,Seattle,,,
Thu.,2024-10-24,10:30 PM,7:30 PM,San Jose,Los Angeles,,,
Fri.,2024-10-25,6:00 PM,3:00 PM,Ottawa,Vegas,,,
Fri.,2024-10-25,7:00 PM,7:00 PM,N.Y. Islanders,New Jersey,,,
Fri.,2024-10-25,8:30 PM,7:30 PM,Nashville,Chicago,,,
Fri.,2024-10-25,9:00 PM,7:00 PM,Pittsburgh,Edmonton,,,
Sat.,2024-10-26,1:00 PM,1:00 PM,Detroit,Buffalo,,,
Sat.,2024-10-26,1:00 PM,1:00 PM,Minnesota,Philadelphia,,,
Sat.,2024-10-26,4:00 PM,1:00 PM,Utah,Los Angeles,,,
Sat.,2024-10-26,7:00 PM,7:00 PM,Toronto,Boston,,,
Sat.,2024-10-26,7:00 PM,7:00 PM,St. Louis,Montreal,,,
Sat.,2024-10-26,7:00 PM,7:00 PM,Washington,Tampa Bay,,,
Sat.,2024-10-26,7:00 PM,7:00 PM,Anaheim,N.Y. Rangers,,,
Sat.,2024-10-26,7:00 PM,5:00 PM,Winnipeg,Calgary,,,
Sat.,2024-10-26,7:30 PM,7:30 PM,Florida,N.Y. Islanders,,,
Sat.,2024-10-26,8:00 PM,7:00 PM,Columbus,Nashville,,,
Sat.,2024-10-26,8:00 PM,7:00 PM,Chicago,Dallas,,,
Sat.,2024-10-26,10:00 PM,7:00 PM,Pittsburgh,Vancouver,,,
Sat.,2024-10-26,10:00 PM,7:00 PM,San Jose,Vegas,,,
Sat.,2024-10-26,10:00 PM,7:00 PM,Carolina,Seattle,,,
Sun.,2024-10-27,6:00 PM,6:00 PM,Edmonton,Detroit,,,
Sun.,2024-10-27,7:00 PM,7:00 PM,Anaheim,New Jersey,,,
Sun.,2024-10-27,7:00 PM,7:00 PM,Montreal,Philadelphia,,,
Sun.,2024-10-27,9:00 PM,7:00 PM,Ottawa,Colorado,,,
Mon.,2024-10-28,7:00 PM,7:00 PM,Florida,Buffalo,,,
Mon.,2024-10-28,7:00 PM,7:00 PM,Nashville,Tampa Bay,,,
Mon.,2024-10-28,7:00 PM,7:00 PM,Edmonton,Columbus,,,
Mon.,2024-10-28,7:30 PM,6:30 PM,Toronto,Winnipeg,,,
Mon.,2024-10-28,9:00 PM,7:00 PM,Chicago,Colorado,,,
Mon.,2024-10-28,9:00 PM,7:00 PM,San Jose,Utah,,,
Mon.,2024-10-28,10:00 PM,7:00 PM,Carolina,Vancouver,,,
Mon.,2024-10-28,10:00 PM,7:00 PM,Calgary,Vegas,,,
Tue.,2024-10-29,7:00 PM,7:00 PM,Philadelphia,Boston,,,
Tue.,2024-10-29,7:00 PM,7:00 PM,Seattle,Montreal,,,
Tue.,2024-10-29,7:00 PM,7:00 PM,St. Louis,Ottawa,,,
Tue.,2024-10-29,7:00 PM,7:00 PM,N.Y. Rangers,Washington,,,
Tue.,2024-10-29,7:00 PM,7:00 PM,Anaheim,N.Y. Islanders,,,
Tue.,2024-10-29,7:30 PM,7:30 PM,Minnesota,Pittsburgh,,,
Tue.,2024-10-29,10:00 PM,7:00 PM,Los Angeles,San Jose,,,
Wed.,2024-10-30,7:00 PM,7:00 PM,N.Y. Islanders,Columbus,,,
Wed.,2024-10-30,7:30 PM,7:30 PM,Winnipeg,Detroit,,,
Wed.,2024-10-30,9:00 PM,7:00 PM,Tampa Bay,Colorado,,,
Wed.,2024-10-30,9:30 PM,7:30 PM,Calgary,Utah,,,
Wed.,2024-10-30,10:30 PM,7:30 PM,New Jersey,Vancouver,,,
Wed.,2024-10-30,10:30 PM,7:30 PM,Vegas,Los Angeles,,,
Thu.,2024-10-31,7:00 PM,7:00 PM,Seattle,Toronto,,,
Thu.,2024-10-31,7:00 PM,7:00 PM,St. Louis,Philadelphia,,,
Thu.,2024-10-31,7:00 PM,7:00 PM,Anaheim,Pittsburgh,,,
Thu.,2024-10-31,7:00 PM,7:00 PM,Montreal,Washington,,,
Thu.,2024-10-31,7:00 PM,7:00 PM,Boston,Carolina,,,
Thu.,2024-10-31,8:00 PM,7:00 PM,Edmonton,Nashville,,,
Thu.,2024-10-31,10:30 PM,7:30 PM,Chicago,San Jose,,,
Fri.,2024-11-01,7:00 PM,7:00 PM,N.Y. Islanders,Buffalo,,,
Fri.,2024-11-01,7:00 PM,7:00 PM,Ottawa,N.Y. Rangers,,,
Fri.,2024-11-01,7:00 PM,7:00 PM,Winnipeg,Columbus,,,
Fri.,2024-11-01,8:00 PM,7:00 PM,Tampa Bay,Minnesota,,,
Fri.,2024-11-01,1:00 PM,8:00 PM,Florida,Dallas,,,
Fri.,2024-11-01,9:00 PM,7:00 PM,New Jersey,Calgary,,,
Sat.,2024-11-02,1:00 PM,1:00 PM,Boston,Philadelphia,,,
Sat.,2024-11-02,4:00 PM,1:00 PM,Chicago,Los Angeles,,,
Sat.,2024-11-02,5:00 PM,5:00 PM,Columbus,Washington,,,
Sat.,2024-11-02,11:00 AM,6:00 PM,Dallas,Florida,,,
Sat.,2024-11-02,7:00 PM,7:00 PM,Seattle,Ottawa,,,
Sat.,2024-11-02,7:00 PM,7:00 PM,Buffalo,Detroit,,,
Sat.,2024-11-02,7:00 PM,7:00 PM,Montreal,Pittsburgh,,,
Sat.,2024-11-02,7:00 PM,6:00 PM,Toronto,St. Louis,,,
Sat.,2024-11-02,8:00 PM,7:00 PM,Colorado,Nashville,,,
Sat.,2024-11-02,10:00 PM,7:00 PM,Utah,Vegas,,,
Sat.,2024-11-02,10:00 PM,7:00 PM,Vancouver,San Jose,,,
Sun.,2024-11-03,1:00 PM,1:00 PM,N.Y. Islanders,N.Y. Rangers,,,
Sun.,2024-11-03,3:00 PM,2:00 PM,Tampa Bay,Winnipeg,,,
Sun.,2024-11-03,5:00 PM,5:00 PM,Seattle,Boston,,,
Sun.,2024-11-03,5:00 PM,5:00 PM,Washington,Carolina,,,
Sun.,2024-11-03,6:00 PM,5:00 PM,Toronto,Minnesota,,,
Sun.,2024-11-03,8:00 PM,6:00 PM,Edmonton,Calgary,,,
Sun.,2024-11-03,8:00 PM,5:00 PM,Chicago,Anaheim,,,
Mon.,2024-11-04,8:00 PM,7:00 PM,Los Angeles,Nashville,,,
Mon.,2024-11-04,8:30 PM,6:30 PM,New Jersey,Edmonton,,,
Tue.,2024-11-05,7:00 PM,7:00 PM,Ottawa,Buffalo,,,
Tue.,2024-11-05,7:00 PM,7:00 PM,Boston,Toronto,,,
Tue.,2024-11-05,7:00 PM,7:00 PM,Calgary,Montreal,,,
Tue.,2024-11-05,7:00 PM,7:00 PM,Philadelphia,Carolina,,,
Tue.,2024-11-05,7:30 PM,7:30 PM,Pittsburgh,N.Y. Islanders,,,
Tue.,2024-11-05,8:00 PM,7:00 PM,Tampa Bay,St. Louis,,,
Tue.,2024-11-05,8:00 PM,7:00 PM,Los Angeles,Minnesota,,,
Tue.,2024-11-05,8:00 PM,7:00 PM,Utah,Winnipeg,,,
Tue.,2024-11-05,9:00 PM,7:00 PM,Seattle,Colorado,,,
Tue.,2024-11-05,10:00 PM,7:00 PM,Vancouver,Anaheim,,,
Tue.,2024-11-05,10:30 PM,7:30 PM,Columbus,San Jose,,,
Wed.,2024-11-06,7:00 PM,7:00 PM,Nashville,Washington,,,
Wed.,2024-11-06,8:00 PM,7:00 PM,Detroit,Chicago,,,
Wed.,2024-11-06,8:30 PM,6:30 PM,Vegas,Edmonton,,,
Thu.,2024-11-07,7:00 PM,7:00 PM,Calgary,Boston,,,
Thu.,2024-11-07,7:00 PM,7:00 PM,N.Y. Islanders,Ottawa,,,
Thu.,2024-11-07,7:00 PM,7:00 PM,Philadelphia,Tampa Bay,,,
Thu.,2024-11-07,7:00 PM,7:00 PM,Nashville,Florida,,,
Thu.,2024-11-07,7:00 PM,7:00 PM,Montreal,New Jersey,,,
Thu.,2024-11-07,7:00 PM,7:00 PM,Buffalo,N.Y. Rangers,,,
Thu.,2024-11-07,7:00 PM,7:00 PM,Pittsburgh,Carolina,,,
Thu.,2024-11-07,8:00 PM,7:00 PM,Utah,St. Louis,,,
Thu.,2024-11-07,8:00 PM,7:00 PM,Chicago,Dallas,,,
Thu.,2024-11-07,8:00 PM,7:00 PM,Colorado,Winnipeg,,,
Thu.,2024-11-07,10:30 PM,7:30 PM,Vancouver,Los Angeles,,,
Thu.,2024-11-07,10:30 PM,7:30 PM,Minnesota,San Jose,,,
Fri.,2024-11-08,7:00 PM,7:00 PM,Detroit,Toronto,,,
Fri.,2024-11-08,7:00 PM,7:00 PM,Pittsburgh,Washington,,,
Fri.,2024-11-08,10:00 PM,7:00 PM,Minnesota,Anaheim,,,
Fri.,2024-11-08,10:00 PM,7:00 PM,Vegas,Seattle,,,
Sat.,2024-11-09,1:00 PM,1:00 PM,Calgary,Buffalo,,,
Sat.,2024-11-09,6:00 PM,6:00 PM,Philadelphia,Florida,,,
Sat.,2024-11-09,7:00 PM,7:00 PM,Ottawa,Boston,,,
Sat.,2024-11-09,7:00 PM,7:00 PM,Montreal,Toronto,,,
Sat.,2024-11-09,7:00 PM,7:00 PM,N.Y. Rangers,Detroit,,,
Sat.,2024-11-09,7:00 PM,6:00 PM,Washington,St. Louis,,,
Sat.,2024-11-09,7:00 PM,6:00 PM,Dallas,Winnipeg,,,
Sat.,2024-11-09,7:30 PM,7:30 PM,New Jersey,N.Y. Islanders,,,
Sat.,2024-11-09,8:00 PM,7:00 PM,Utah,Nashville,,,
Sat.,2024-11-09,9:00 PM,7:00 PM,Carolina,Colorado,,,
Sat.,2024-11-09,9:00 PM,6:00 PM,Columbus,Los Angeles,,,
Sat.,2024-11-09,10:00 PM,7:00 PM,Edmonton,Vancouver,,,
Sun.,2024-11-10,7:00 PM,7:00 PM,San Jose,New Jersey,,,
Sun.,2024-11-10,7:00 PM,6:00 PM,Minnesota,Chicago,,,
Sun.,2024-11-10,8:00 PM,5:00 PM,Columbus,Anaheim,,,
Mon.,2024-11-11,12:30 PM,12:30 PM,Montreal,Buffalo,,,
Mon.,2024-11-11,7:00 PM,7:00 PM,San Jose,Philadelphia,,,
Mon.,2024-11-11,7:00 PM,7:00 PM,Dallas,Pittsburgh,,,
Mon.,2024-11-11,8:30 PM,6:30 PM,Los Angeles,Calgary,,,
Mon.,2024-11-11,9:00 PM,7:00 PM,Nashville,Colorado,,,
Mon.,2024-11-11,10:00 PM,7:00 PM,Carolina,Vegas,,,
Tue.,2024-11-12,7:00 PM,7:00 PM,Ottawa,Toronto,,,
Tue.,2024-11-12,7:00 PM,7:00 PM,New Jersey,Florida,,,
Tue.,2024-11-12,7:00 PM,7:00 PM,Winnipeg,N.Y. Rangers,,,
Tue.,2024-11-12,8:00 PM,7:00 PM,Boston,St. Louis,,,
Tue.,2024-11-12,9:00 PM,7:00 PM,N.Y. Islanders,Edmonton,,,
Tue.,2024-11-12,10:00 PM,7:00 PM,Calgary,Vancouver,,,
Tue.,2024-11-12,10:00 PM,7:00 PM,Columbus,Seattle,,,
Wed.,2024-11-13,7:30 PM,7:30 PM,Detroit,Pittsburgh,,,
Wed.,2024-11-13,7:30 PM,7:30 PM,Toronto,Washington,,,
Wed.,2024-11-13,9:00 PM,7:00 PM,Carolina,Utah,,,
Wed.,2024-11-13,10:00 PM,8:00 PM,Los Angeles,Colorado,,,
Wed.,2024-11-13,10:00 PM,7:00 PM,Vegas,Anaheim,,,
Thu.,2024-11-14,7:00 PM,7:00 PM,St. Louis,Buffalo,,,
Thu.,2024-11-14,7:00 PM,7:00 PM,Philadelphia,Ottawa,,,
Thu.,2024-11-14,7:00 PM,7:00 PM,Winnipeg,Tampa Bay,,,
Thu.,2024-11-14,7:00 PM,7:00 PM,New Jersey,Florida,,,
Thu.,2024-11-14,7:00 PM,7:00 PM,San Jose,N.Y. Rangers,,,
Thu.,2024-11-14,8:00 PM,7:00 PM,Boston,Dallas,,,
Thu.,2024-11-14,8:00 PM,7:00 PM,Montreal,Minnesota,,,
Thu.,2024-11-14,9:00 PM,7:00 PM,Nashville,Edmonton,,,
Thu.,2024-11-14,10:00 PM,7:00 PM,N.Y. Islanders,Vancouver,,,
Thu.,2024-11-14,10:00 PM,7:00 PM,Chicago,Seattle,,,
Fri.,2024-11-15,7:00 PM,7:00 PM,Pittsburgh,Columbus,,,
Fri.,2024-11-15,9:00 PM,7:00 PM,Washington,Colorado,,,
Fri.,2024-11-15,9:00 PM,7:00 PM,Nashville,Calgary,,,
Fri.,2024-11-15,9:00 PM,7:00 PM,Vegas,Utah,,,
Fri.,2024-11-15,10:00 PM,7:00 PM,Detroit,Anaheim,,,
Sat.,2024-11-16,1:00 PM,1:00 PM,St. Louis,Boston,,,
Sat.,2024-11-16,4:00 PM,1:00 PM,N.Y. Islanders,Seattle,,,
Sat.,2024-11-16,7:00 PM,7:00 PM,Edmonton,Toronto,,,
Sat.,2024-11-16,7:00 PM,7:00 PM,Columbus,Montreal,,,
Sat.,2024-11-16,7:00 PM,7:00 PM,New Jersey,Tampa Bay,,,
Sat.,2024-11-16,7:00 PM,7:00 PM,Winnipeg,Florida,,,
Sat.,2024-11-16,7:00 PM,7:00 PM,Buffalo,Philadelphia,,,
Sat.,2024-11-16,7:00 PM,7:00 PM,San Jose,Pittsburgh,,,
Sat.,2024-11-16,7:00 PM,7:00 PM,Ottawa,Carolina,,,
Sat.,2024-11-16,8:00 PM,7:00 PM,Dallas,Minnesota,,,
Sat.,2024-11-16,8:00 PM,5:00 PM,Detroit,Los Angeles,,,
Sat.,2024-11-16,10:00 PM,7:00 PM,Chicago,Vancouver,,,
Sun.,2024-11-17,5:00 PM,5:00 PM,St. Louis,Carolina,,,
Sun.,2024-11-17,8:00 PM,5:00 PM,Nashville,Vancouver,,,
Sun.,2024-11-17,8:00 PM,5:00 PM,Washington,Vegas,,,
Sun.,2024-11-17,9:00 PM,6:00 PM,N.Y. Rangers,Seattle,,,
Mon.,2024-11-18,7:00 PM,7:00 PM,Columbus,Boston,,,
Mon.,2024-11-18,7:00 PM,7:00 PM,Colorado,Philadelphia,,,
Mon.,2024-11-18,7:30 PM,7:30 PM,Edmonton,Montreal,,,
Mon.,2024-11-18,8:00 PM,7:00 PM,Anaheim,Dallas,,,
Mon.,2024-11-18,9:00 PM,7:00 PM,Washington,Utah,,,
Mon.,2024-11-18,10:30 PM,7:30 PM,Detroit,San Jose,,,
Tue.,2024-11-19,7:00 PM,7:00 PM,Edmonton,Ottawa,,,
Tue.,2024-11-19,7:00 PM,7:00 PM,Tampa Bay,Pittsburgh,,,
Tue.,2024-11-19,8:00 PM,7:00 PM,Minnesota,St. Louis,,,
Tue.,2024-11-19,8:00 PM,7:00 PM,Florida,Winnipeg,,,
Tue.,2024-11-19,8:30 PM,7:30 PM,Anaheim,Chicago,,,
Tue.,2024-11-19,9:00 PM,7:00 PM,N.Y. Islanders,Calgary,,,
Tue.,2024-11-19,10:00 PM,7:00 PM,N.Y. Rangers,Vancouver,,,
Wed.,2024-11-20,7:30 PM,7:30 PM,Vegas,Toronto,,,
Wed.,2024-11-20,7:30 PM,7:30 PM,Carolina,Philadelphia,,,
Wed.,2024-11-20,8:00 PM,7:00 PM,San Jose,Dallas,,,
Wed.,2024-11-20,10:00 PM,7:00 PM,Nashville,Seattle,,,
Wed.,2024-11-20,10:30 PM,7:30 PM,Buffalo,Los Angeles,,,
Thu.,2024-11-21,7:00 PM,7:00 PM,Utah,Boston,,,
Thu.,2024-11-21,7:00 PM,7:00 PM,Vegas,Ottawa,,,
Thu.,2024-11-21,7:00 PM,7:00 PM,N.Y. Islanders,Detroit,,,
Thu.,2024-11-21,7:00 PM,7:00 PM,Carolina,New Jersey,,,
Thu.,2024-11-21,7:00 PM,7:00 PM,Colorado,Washington,,,
Thu.,2024-11-21,7:00 PM,7:00 PM,Tampa Bay,Columbus,,,
Thu.,2024-11-21,8:00 PM,7:00 PM,San Jose,St. Louis,,,
Thu.,2024-11-21,8:30 PM,7:30 PM,Florida,Chicago,,,
Thu.,2024-11-21,9:00 PM,7:00 PM,N.Y. Rangers,Calgary,,,
Thu.,2024-11-21,9:00 PM,7:00 PM,Minnesota,Edmonton,,,
Fri.,2024-11-22,7:00 PM,7:00 PM,Winnipeg,Pittsburgh,,,
Fri.,2024-11-22,10:00 PM,7:00 PM,Buffalo,Anaheim,,,
Sat.,2024-11-23,1:00 PM,1:00 PM,Chicago,Philadelphia,,,
Sat.,2024-11-23,4:00 PM,2:00 PM,Minnesota,Calgary,,,
Sat.,2024-11-23,4:00 PM,1:00 PM,Seattle,Los Angeles,,,
Sat.,2024-11-23,6:00 PM,6:00 PM,Colorado,Florida,,,
Sat.,2024-11-23,7:00 PM,7:00 PM,Vegas,Montreal,,,
Sat.,2024-11-23,7:00 PM,7:00 PM,Vancouver,Ottawa,,,
Sat.,2024-11-23,7:00 PM,7:00 PM,Boston,Detroit,,,
Sat.,2024-11-23,7:00 PM,7:00 PM,Dallas,Tampa Bay,,,
Sat.,2024-11-23,7:00 PM,7:00 PM,Utah,Pittsburgh,,,
Sat.,2024-11-23,7:00 PM,7:00 PM,New Jersey,Washington,,,
Sat.,2024-11-23,7:00 PM,7:00 PM,Carolina,Columbus,,,
Sat.,2024-11-23,7:00 PM,6:00 PM,Winnipeg,Nashville,,,
Sat.,2024-11-23,7:30 PM,7:30 PM,St. Louis,N.Y. Islanders,,,
Sat.,2024-11-23,8:00 PM,5:00 PM,Buffalo,San Jose,,,
Sat.,2024-11-23,10:00 PM,8:00 PM,N.Y. Rangers,Edmonton,,,
Sun.,2024-11-24,7:00 PM,7:00 PM,Utah,Toronto,,,
Mon.,2024-11-25,7:00 PM,7:00 PM,Colorado,Tampa Bay,,,
Mon.,2024-11-25,7:00 PM,7:00 PM,Washington,Florida,,,
Mon.,2024-11-25,7:00 PM,7:00 PM,Nashville,New Jersey,,,
Mon.,2024-11-25,7:00 PM,7:00 PM,St. Louis,N.Y. Rangers,,,
Mon.,2024-11-25,7:00 PM,7:00 PM,Vegas,Philadelphia,,,
Mon.,2024-11-25,7:00 PM,7:00 PM,Dallas,Carolina,,,
Mon.,2024-11-25,7:30 PM,7:30 PM,Calgary,Ottawa,,,
Mon.,2024-11-25,7:30 PM,7:30 PM,Detroit,N.Y. Islanders,,,
Mon.,2024-11-25,8:00 PM,7:00 PM,Winnipeg,Minnesota,,,
Mon.,2024-11-25,10:00 PM,7:00 PM,Seattle,Anaheim,,,
Mon.,2024-11-25,10:30 PM,7:30 PM,Los Angeles,San Jose,,,
Tue.,2024-11-26,7:00 PM,7:00 PM,Vancouver,Boston,,,
Tue.,2024-11-26,7:00 PM,7:00 PM,Utah,Montreal,,,
Wed.,2024-11-27,7:00 PM,7:00 PM,Minnesota,Buffalo,,,
Wed.,2024-11-27,7:00 PM,7:00 PM,St. Louis,New Jersey,,,
Wed.,2024-11-27,7:00 PM,7:00 PM,N.Y. Rangers,Carolina,,,
Wed.,2024-11-27,7:30 PM,7:30 PM,Calgary,Detroit,,,
Wed.,2024-11-27,7:30 PM,7:30 PM,Washington,Tampa Bay,,,
Wed.,2024-11-27,7:30 PM,7:30 PM,Toronto,Florida,,,
Wed.,2024-11-27,7:30 PM,7:30 PM,Boston,N.Y. Islanders,,,
Wed.,2024-11-27,7:30 PM,7:30 PM,Vancouver,Pittsburgh,,,
Wed.,2024-11-27,7:30 PM,7:30 PM,Montreal,Columbus,,,
Wed.,2024-11-27,8:00 PM,7:00 PM,Philadelphia,Nashville,,,
Wed.,2024-11-27,8:30 PM,7:30 PM,Dallas,Chicago,,,
Wed.,2024-11-27,10:00 PM,8:00 PM,Vegas,Colorado,,,
Wed.,2024-11-27,10:00 PM,7:00 PM,Winnipeg,Los Angeles,,,
Wed.,2024-11-27,10:00 PM,7:00 PM,Anaheim,Seattle,,,
Wed.,2024-11-27,10:30 PM,7:30 PM,Ottawa,San Jose,,,
Fri.,2024-11-29,1:00 PM,1:00 PM,N.Y. Rangers,Philadelphia,,,
Fri.,2024-11-29,2:00 PM,1:00 PM,Chicago,Minnesota,,,
Fri.,2024-11-29,3:00 PM,3:00 PM,Vancouver,Buffalo,,,
Fri.,2024-11-29,3:00 PM,3:00 PM,New Jersey,Detroit,,,
Fri.,2024-11-29,3:00 PM,3:00 PM,N.Y. Islanders,Washington,,,
Fri.,2024-11-29,3:00 PM,3:00 PM,Florida,Carolina,,,
Fri.,2024-11-29,3:00 PM,3:00 PM,Calgary,Columbus,,,
Fri.,2024-11-29,3:00 PM,2:00 PM,Tampa Bay,Nashville,,,
Fri.,2024-11-29,3:30 PM,12:30 PM,Los Angeles,Anaheim,,,
Fri.,2024-11-29,3:30 PM,12:30 PM,Seattle,San Jose,,,
Fri.,2024-11-29,6:00 PM,6:00 PM,Pittsburgh,Boston,,,
Fri.,2024-11-29,8:30 PM,7:30 PM,Colorado,Dallas,,,
Fri.,2024-11-29,8:30 PM,5:30 PM,Winnipeg,Vegas,,,
Fri.,2024-11-29,9:00 PM,7:00 PM,Edmonton,Utah,,,
Sat.,2024-11-30,1:00 PM,1:00 PM,Montreal,N.Y. Rangers,,,
Sat.,2024-11-30,4:00 PM,4:00 PM,Carolina,Florida,,,
Sat.,2024-11-30,7:00 PM,7:00 PM,Toronto,Tampa Bay,,,
Sat.,2024-11-30,7:00 PM,7:00 PM,Washington,New Jersey,,,
Sat.,2024-11-30,7:00 PM,7:00 PM,Calgary,Pittsburgh,,,
Sat.,2024-11-30,7:00 PM,6:00 PM,Philadelphia,St. Louis,,,
Sat.,2024-11-30,7:00 PM,4:00 PM,Ottawa,Los Angeles,,,
Sat.,2024-11-30,7:30 PM,7:30 PM,Buffalo,N.Y. Islanders,,,
Sat.,2024-11-30,8:00 PM,7:00 PM,Nashville,Minnesota,,,
Sat.,2024-11-30,10:00 PM,8:00 PM,Edmonton,Colorado,,,
Sat.,2024-11-30,10:00 PM,7:00 PM,Utah,Vegas,,,
Sat.,2024-11-30,10:00 PM,7:00 PM,San Jose,Seattle,,,
Sun.,2024-12-01,12:30 PM,12:30 PM,Vancouver,Detroit,,,
Sun.,2024-12-01,3:00 PM,3:00 PM,Montreal,Boston,,,
Sun.,2024-12-01,3:00 PM,2:00 PM,Columbus,Chicago,,,
Sun.,2024-12-01,4:30 PM,3:30 PM,Winnipeg,Dallas,,,
Sun.,2024-12-01,8:00 PM,5:00 PM,Ottawa,Anaheim,,,
Mon.,2024-12-02,7:00 PM,7:00 PM,New Jersey,N.Y. Rangers,,,
Mon.,2024-12-02,7:30 PM,7:30 PM,Chicago,Toronto,,,
Mon.,2024-12-02,9:00 PM,7:00 PM,Dallas,Utah,,,
Tue.,2024-12-03,7:00 PM,7:00 PM,Detroit,Boston,,,
Tue.,2024-12-03,7:00 PM,7:00 PM,Colorado,Buffalo,,,
Tue.,2024-12-03,7:00 PM,7:00 PM,N.Y. Islanders,Montreal,,,
Tue.,2024-12-03,7:00 PM,7:00 PM,Florida,Pittsburgh,,,
Tue.,2024-12-03,7:00 PM,7:00 PM,San Jose,Washington,,,
Tue.,2024-12-03,7:00 PM,7:00 PM,Seattle,Carolina,,,
Tue.,2024-12-03,8:00 PM,7:00 PM,Vancouver,Minnesota,,,
Tue.,2024-12-03,8:00 PM,7:00 PM,St. Louis,Winnipeg,,,
Tue.,2024-12-03,9:00 PM,7:00 PM,Columbus,Calgary,,,
Tue.,2024-12-03,10:00 PM,7:00 PM,Edmonton,Vegas,,,
Wed.,2024-12-04,7:30 PM,7:30 PM,Nashville,Toronto,,,
Wed.,2024-12-04,7:30 PM,6:30 PM,Boston,Chicago,,,
Wed.,2024-12-04,10:00 PM,7:00 PM,Vegas,Anaheim,,,
Wed.,2024-12-04,10:00 PM,7:00 PM,Dallas,Los Angeles,,,
Thu.,2024-12-05,7:00 PM,7:00 PM,Winnipeg,Buffalo,,,
Thu.,2024-12-05,7:00 PM,7:00 PM,Nashville,Montreal,,,
Thu.,2024-12-05,7:00 PM,7:00 PM,Detroit,Ottawa,,,
Thu.,2024-12-05,7:00 PM,7:00 PM,San Jose,Tampa Bay,,,
Thu.,2024-12-05,7:00 PM,7:00 PM,Florida,Philadelphia,,,
Thu.,2024-12-05,7:00 PM,7:00 PM,Colorado,Carolina,,,
Thu.,2024-12-05,7:30 PM,7:30 PM,Seattle,N.Y. Islanders,,,
Thu.,2024-12-05,9:00 PM,7:00 PM,St. Louis,Calgary,,,
Thu.,2024-12-05,9:00 PM,7:00 PM,Columbus,Edmonton,,,
Fri.,2024-12-06,7:00 PM,7:00 PM,Washington,Toronto,,,
Fri.,2024-12-06,7:00 PM,7:00 PM,Seattle,New Jersey,,,
Fri.,2024-12-06,7:00 PM,7:00 PM,Pittsburgh,N.Y. Rangers,,,
Fri.,2024-12-06,10:00 PM,7:00 PM,Columbus,Vancouver,,,
Fri.,2024-12-06,10:00 PM,7:00 PM,Dallas,Vegas,,,
Fri.,2024-12-06,10:00 PM,7:00 PM,Minnesota,Anaheim,,,
Sat.,2024-12-07,1:00 PM,1:00 PM,Philadelphia,Boston,,,
Sat.,2024-12-07,1:00 PM,1:00 PM,Utah,Buffalo,,,
Sat.,2024-12-07,4:00 PM,3:00 PM,Winnipeg,Chicago,,,
Sat.,2024-12-07,5:00 PM,5:00 PM,Carolina,N.Y. Islanders,,,
Sat.,2024-12-07,6:00 PM,6:00 PM,San Jose,Florida,,,
Sat.,2024-12-07,7:00 PM,7:00 PM,Washington,Montreal,,,
Sat.,2024-12-07,7:00 PM,7:00 PM,Nashville,Ottawa,,,
Sat.,2024-12-07,7:00 PM,7:00 PM,Colorado,Detroit,,,
Sat.,2024-12-07,7:00 PM,7:00 PM,Toronto,Pittsburgh,,,
Sat.,2024-12-07,8:00 PM,5:00 PM,Minnesota,Los Angeles,,,
Sat.,2024-12-07,10:00 PM,8:00 PM,St. Louis,Edmonton,,,
Sun.,2024-12-08,1:00 PM,1:00 PM,Seattle,N.Y. Rangers,,,
Sun.,2024-12-08,4:00 PM,1:00 PM,Tampa Bay,Vancouver,,,
Sun.,2024-12-08,5:30 PM,5:30 PM,N.Y. Islanders,Ottawa,,,
Sun.,2024-12-08,6:00 PM,5:00 PM,Columbus,Winnipeg,,,
Sun.,2024-12-08,7:00 PM,7:00 PM,Colorado,New Jersey,,,
Sun.,2024-12-08,7:00 PM,7:00 PM,Utah,Philadelphia,,,
Sun.,2024-12-08,8:00 PM,7:00 PM,Calgary,Dallas,,,
Mon.,2024-12-09,7:00 PM,7:00 PM,Detroit,Buffalo,,,
Mon.,2024-12-09,7:00 PM,7:00 PM,Chicago,N.Y. Rangers,,,
Mon.,2024-12-09,7:30 PM,7:30 PM,Anaheim,Montreal,,,
Tue.,2024-12-10,7:00 PM,7:00 PM,Toronto,New Jersey,,,
Tue.,2024-12-10,7:00 PM,7:00 PM,Colorado,Pittsburgh,,,
Tue.,2024-12-10,7:00 PM,7:00 PM,San Jose,Carolina,,,
Tue.,2024-12-10,7:00 PM,7:00 PM,Philadelphia,Columbus,,,
Tue.,2024-12-10,7:30 PM,7:30 PM,Los Angeles,N.Y. Islanders,,,
Tue.,2024-12-10,8:00 PM,7:00 PM,Calgary,Nashville,,,
Tue.,2024-12-10,8:00 PM,7:00 PM,Boston,Winnipeg,,,
Tue.,2024-12-10,9:00 PM,7:00 PM,Tampa Bay,Edmonton,,,
Tue.,2024-12-10,9:00 PM,7:00 PM,Minnesota,Utah,,,
Tue.,2024-12-10,10:00 PM,7:00 PM,St. Louis,Vancouver,,,
Tue.,2024-12-10,10:00 PM,7:00 PM,Florida,Seattle,,,
Wed.,2024-12-11,7:30 PM,7:30 PM,N.Y. Rangers,Buffalo,,,
Wed.,2024-12-11,7:30 PM,7:30 PM,Anaheim,Ottawa,,,
Thu.,2024-12-12,7:00 PM,7:00 PM,Anaheim,Toronto,,,
Thu.,2024-12-12,7:00 PM,7:00 PM,Pittsburgh,Montreal,,,
Thu.,2024-12-12,7:00 PM,7:00 PM,Los Angeles,New Jersey,,,
Thu.,2024-12-12,7:00 PM,7:00 PM,Detroit,Philadelphia,,,
Thu.,2024-12-12,7:00 PM,7:00 PM,Washington,Columbus,,,
Thu.,2024-12-12,7:30 PM,7:30 PM,Chicago,N.Y. Islanders,,,
Thu.,2024-12-12,8:00 PM,7:00 PM,San Jose,St. Louis,,,
Thu.,2024-12-12,8:00 PM,7:00 PM,Nashville,Dallas,,,
Thu.,2024-12-12,8:00 PM,7:00 PM,Edmonton,Minnesota,,,
Thu.,2024-12-12,8:00 PM,7:00 PM,Vegas,Winnipeg,,,
Thu.,2024-12-12,9:00 PM,7:00 PM,Utah,Colorado,,,
Thu.,2024-12-12,9:00 PM,7:00 PM,Tampa Bay,Calgary,,,
Thu.,2024-12-12,10:00 PM,7:00 PM,Florida,Vancouver,,,
Thu.,2024-12-12,10:00 PM,7:00 PM,Boston,Seattle,,,
Fri.,2024-12-13,7:00 PM,7:00 PM,Ottawa,Carolina,,,
Sat.,2024-12-14,1:00 PM,1:00 PM,Chicago,New Jersey,,,
Sat.,2024-12-14,1:00 PM,1:00 PM,Los Angeles,N.Y. Rangers,,,
Sat.,2024-12-14,2:00 PM,1:00 PM,Philadelphia,Minnesota,,,
Sat.,2024-12-14,4:00 PM,2:00 PM,Vegas,Edmonton,,,
Sat.,2024-12-14,7:00 PM,7:00 PM,Pittsburgh,Ottawa,,,
Sat.,2024-12-14,7:00 PM,7:00 PM,Toronto,Detroit,,,
Sat.,2024-12-14,7:00 PM,7:00 PM,Buffalo,Washington,,,
Sat.,2024-12-14,7:00 PM,7:00 PM,Anaheim,Columbus,,,
Sat.,2024-12-14,7:00 PM,6:00 PM,Montreal,Winnipeg,,,
Sat.,2024-12-14,8:00 PM,7:00 PM,St. Louis,Dallas,,,
Sat.,2024-12-14,9:00 PM,7:00 PM,Nashville,Colorado,,,
Sat.,2024-12-14,10:00 PM,8:00 PM,Florida,Calgary,,,
Sat.,2024-12-14,10:00 PM,7:00 PM,Boston,Vancouver,,,
Sat.,2024-12-14,10:00 PM,7:00 PM,Utah,San Jose,,,
Sat.,2024-12-14,10:00 PM,7:00 PM,Tampa Bay,Seattle,,,
Sun.,2024-12-15,3:00 PM,2:00 PM,N.Y. Islanders,Chicago,,,
Sun.,2024-12-15,5:00 PM,5:00 PM,Buffalo,Toronto,,,
Sun.,2024-12-15,5:00 PM,5:00 PM,Columbus,Carolina,,,
Sun.,2024-12-15,6:00 PM,5:00 PM,N.Y. Rangers,St. Louis,,,
Sun.,2024-12-15,6:00 PM,5:00 PM,Vegas,Minnesota,,,
Mon.,2024-12-16,8:00 PM,7:00 PM,Washington,Dallas,,,
Mon.,2024-12-16,8:30 PM,6:30 PM,Florida,Edmonton,,,
Mon.,2024-12-16,10:30 PM,7:30 PM,Colorado,Vancouver,,,
Tue.,2024-12-17,7:00 PM,7:00 PM,Buffalo,Montreal,,,
Tue.,2024-12-17,7:00 PM,7:00 PM,Columbus,Tampa Bay,,,
Tue.,2024-12-17,7:00 PM,7:00 PM,Los Angeles,Pittsburgh,,,
Tue.,2024-12-17,7:00 PM,7:00 PM,N.Y. Islanders,Carolina,,,
Tue.,2024-12-17,8:00 PM,7:00 PM,New Jersey,St. Louis,,,
Tue.,2024-12-17,8:00 PM,7:00 PM,N.Y. Rangers,Nashville,,,
Tue.,2024-12-17,8:30 PM,7:30 PM,Washington,Chicago,,,
Tue.,2024-12-17,9:00 PM,7:00 PM,Boston,Calgary,,,
Tue.,2024-12-17,10:00 PM,7:00 PM,Ottawa,Seattle,,,
Tue.,2024-12-17,10:30 PM,7:30 PM,Winnipeg,San Jose,,,
Wed.,2024-12-18,7:00 PM,7:00 PM,Philadelphia,Detroit,,,
Wed.,2024-12-18,7:30 PM,6:30 PM,Toronto,Dallas,,,
Wed.,2024-12-18,9:30 PM,8:30 PM,Florida,Minnesota,,,
Wed.,2024-12-18,10:00 PM,8:00 PM,Vancouver,Utah,,,
Wed.,2024-12-18,10:00 PM,7:00 PM,Winnipeg,Anaheim,,,
Thu.,2024-12-19,7:00 PM,7:00 PM,St. Louis,Tampa Bay,,,
Thu.,2024-12-19,7:00 PM,7:00 PM,Los Angeles,Philadelphia,,,
Thu.,2024-12-19,7:00 PM,7:00 PM,New Jersey,Columbus,,,
Thu.,2024-12-19,8:00 PM,7:00 PM,Pittsburgh,Nashville,,,
Thu.,2024-12-19,8:30 PM,7:30 PM,Seattle,Chicago,,,
Thu.,2024-12-19,9:00 PM,7:00 PM,Ottawa,Calgary,,,
Thu.,2024-12-19,9:00 PM,7:00 PM,Boston,Edmonton,,,
Thu.,2024-12-19,10:00 PM,7:00 PM,Vancouver,Vegas,,,
Thu.,2024-12-19,10:30 PM,7:30 PM,Colorado,San Jose,,,
Fri.,2024-12-20,7:00 PM,7:00 PM,Toronto,Buffalo,,,
Fri.,2024-12-20,7:00 PM,7:00 PM,Montreal,Detroit,,,
Fri.,2024-12-20,7:00 PM,7:00 PM,St. Louis,Florida,,,
Fri.,2024-12-20,7:00 PM,7:00 PM,Carolina,Washington,,,
Fri.,2024-12-20,8:00 PM,7:00 PM,N.Y. Rangers,Dallas,,,
Fri.,2024-12-20,8:00 PM,7:00 PM,Utah,Minnesota,,,
Fri.,2024-12-20,10:00 PM,7:00 PM,Colorado,Anaheim,,,
Sat.,2024-12-21,1:30 PM,12:30 PM,Los Angeles,Nashville,,,
Sat.,2024-12-21,4:00 PM,2:00 PM,Chicago,Calgary,,,
Sat.,2024-12-21,4:00 PM,2:00 PM,San Jose,Edmonton,,,
Sat.,2024-12-21,7:00 PM,7:00 PM,Buffalo,Boston,,,
Sat.,2024-12-21,7:00 PM,7:00 PM,N.Y. Islanders,Toronto,,,
Sat.,2024-12-21,7:00 PM,7:00 PM,Detroit,Montreal,,,
Sat.,2024-12-21,7:00 PM,7:00 PM,Pittsburgh,New Jersey,,,
Sat.,2024-12-21,7:00 PM,7:00 PM,Columbus,Philadelphia,,,
Sat.,2024-12-21,7:00 PM,6:00 PM,Minnesota,Winnipeg,,,
Sat.,2024-12-21,10:00 PM,7:00 PM,Ottawa,Vancouver,,,
Sat.,2024-12-21,10:00 PM,7:00 PM,Seattle,Vegas,,,
Sun.,2024-12-22,12:30 PM,12:30 PM,Carolina,N.Y. Rangers,,,
Sun.,2024-12-22,5:00 PM,5:00 PM,Florida,Tampa Bay,,,
Sun.,2024-12-22,5:00 PM,5:00 PM,Los Angeles,Washington,,,
Sun.,2024-12-22,5:00 PM,3:00 PM,Anaheim,Utah,,,
Sun.,2024-12-22,8:00 PM,6:00 PM,Seattle,Colorado,,,
Sun.,2024-12-22,8:00 PM,6:00 PM,Ottawa,Edmonton,,,
Mon.,2024-12-23,1:00 PM,1:00 PM,N.Y. Rangers,New Jersey,,,
Mon.,2024-12-23,2:00 PM,2:00 PM,Winnipeg,Toronto,,,
Mon.,2024-12-23,7:00 PM,7:00 PM,Washington,Boston,,,
Mon.,2024-12-23,7:00 PM,7:00 PM,St. Louis,Detroit,,,
Mon.,2024-12-23,7:00 PM,7:00 PM,Tampa Bay,Florida,,,
Mon.,2024-12-23,7:00 PM,7:00 PM,Philadelphia,Pittsburgh,,,
Mon.,2024-12-23,7:00 PM,7:00 PM,Montreal,Columbus,,,
Mon.,2024-12-23,7:30 PM,7:30 PM,Buffalo,N.Y. Islanders,,,
Mon.,2024-12-23,8:00 PM,7:00 PM,Carolina,Nashville,,,
Mon.,2024-12-23,8:00 PM,7:00 PM,Chicago,Minnesota,,,
Mon.,2024-12-23,9:00 PM,6:00 PM,San Jose,Vancouver,,,
Mon.,2024-12-23,9:00 PM,7:00 PM,Dallas,Utah,,,
Mon.,2024-12-23,10:00 PM,7:00 PM,Anaheim,Vegas,,,
Fri.,2024-12-27,7:00 PM,7:00 PM,Chicago,Buffalo,,,
Fri.,2024-12-27,7:00 PM,7:00 PM,Toronto,Detroit,,,
Fri.,2024-12-27,7:00 PM,7:00 PM,Carolina,New Jersey,,,
Fri.,2024-12-27,7:00 PM,7:00 PM,Boston,Columbus,,,
Fri.,2024-12-27,8:00 PM,7:00 PM,Nashville,St. Louis,,,
Fri.,2024-12-27,8:00 PM,7:00 PM,Minnesota,Dallas,,,
Fri.,2024-12-27,9:00 PM,7:00 PM,Colorado,Utah,,,
Fri.,2024-12-27,10:30 PM,7:30 PM,Vegas,San Jose,,,
Sat.,2024-12-28,1:00 PM,1:00 PM,Montreal,Florida,,,
Sat.,2024-12-28,4:00 PM,1:00 PM,Seattle,Vancouver,,,
Sat.,2024-12-28,4:00 PM,1:00 PM,Philadelphia,Anaheim,,,
Sat.,2024-12-28,4:00 PM,1:00 PM,Edmonton,Los Angeles,,,
Sat.,2024-12-28,7:00 PM,7:00 PM,Columbus,Boston,,,
Sat.,2024-12-28,7:00 PM,7:00 PM,Washington,Toronto,,,
Sat.,2024-12-28,7:00 PM,7:00 PM,N.Y. Rangers,Tampa Bay,,,
Sat.,2024-12-28,7:00 PM,7:00 PM,New Jersey,Carolina,,,
Sat.,2024-12-28,7:00 PM,6:00 PM,Ottawa,Winnipeg,,,
Sat.,2024-12-28,7:30 PM,7:30 PM,Pittsburgh,N.Y. Islanders,,,
Sat.,2024-12-28,10:00 PM,7:00 PM,Calgary,San Jose,,,
Sun.,2024-12-29,3:00 PM,2:00 PM,Dallas,Chicago,,,
Sun.,2024-12-29,4:00 PM,1:00 PM,Edmonton,Anaheim,,,
Sun.,2024-12-29,5:00 PM,5:00 PM,Washington,Detroit,,,
Sun.,2024-12-29,5:00 PM,5:00 PM,Montreal,Tampa Bay,,,
Sun.,2024-12-29,5:30 PM,5:30 PM,N.Y. Islanders,Pittsburgh,,,
Sun.,2024-12-29,6:00 PM,5:00 PM,Buffalo,St. Louis,,,
Sun.,2024-12-29,8:00 PM,7:00 PM,Ottawa,Minnesota,,,
Sun.,2024-12-29,8:00 PM,5:00 PM,Calgary,Vegas,,,
Sun.,2024-12-29,9:00 PM,6:00 PM,Philadelphia,Los Angeles,,,
Mon.,2024-12-30,7:00 PM,7:00 PM,N.Y. Rangers,Florida,,,
Mon.,2024-12-30,7:30 PM,6:30 PM,Nashville,Winnipeg,,,
Mon.,2024-12-30,8:00 PM,5:00 PM,Utah,Seattle,,,
Tue.,2024-12-31,12:30 PM,12:30 PM,Boston,Washington,,,
Tue.,2024-12-31,1:00 PM,1:00 PM,N.Y. Islanders,Toronto,,,
Tue.,2024-12-31,3:00 PM,12:00 PM,Montreal,Vegas,,,
Tue.,2024-12-31,5:00 PM,4:00 PM,St. Louis,Chicago,,,
Tue.,2024-12-31,8:00 PM,8:00 PM,Pittsburgh,Detroit,,,
Tue.,2024-12-31,8:00 PM,8:00 PM,Carolina,Columbus,,,
Tue.,2024-12-31,8:00 PM,7:00 PM,Buffalo,Dallas,,,
Tue.,2024-12-31,8:00 PM,7:00 PM,Nashville,Minnesota,,,
Tue.,2024-12-31,8:00 PM,6:00 PM,Winnipeg,Colorado,,,
Tue.,2024-12-31,8:00 PM,5:00 PM,New Jersey,Anaheim,,,
Tue.,2024-12-31,8:00 PM,5:00 PM,Philadelphia,San Jose,,,
Tue.,2024-12-31,9:00 PM,7:00 PM,Vancouver,Calgary,,,
Tue.,2024-12-31,9:00 PM,7:00 PM,Utah,Edmonton,,,
Wed.,2025-01-01,6:00 PM,3:00 PM,New Jersey,Los Angeles,,,
Thu.,2025-01-02,7:00 PM,7:00 PM,Carolina,Florida,,,
Thu.,2025-01-02,7:00 PM,7:00 PM,Boston,N.Y. Rangers,,,
Thu.,2025-01-02,7:00 PM,7:00 PM,Minnesota,Washington,,,
Thu.,2025-01-02,7:00 PM,7:00 PM,Detroit,Columbus,,,
Thu.,2025-01-02,7:30 PM,7:30 PM,Toronto,N.Y. Islanders,,,
Thu.,2025-01-02,8:00 PM,7:00 PM,Ottawa,Dallas,,,
Thu.,2025-01-02,8:00 PM,7:00 PM,Anaheim,Winnipeg,,,
Thu.,2025-01-02,9:00 PM,7:00 PM,Buffalo,Colorado,,,
Thu.,2025-01-02,9:00 PM,7:00 PM,Utah,Calgary,,,
Thu.,2025-01-02,10:00 PM,7:00 PM,Philadelphia,Vegas,,,
Thu.,2025-01-02,10:00 PM,7:00 PM,Vancouver,Seattle,,,
Thu.,2025-01-02,10:30 PM,7:30 PM,Tampa Bay,San Jose,,,
Fri.,2025-01-03,7:00 PM,7:00 PM,Pittsburgh,Florida,,,
Fri.,2025-01-03,8:00 PM,7:00 PM,Montreal,Chicago,,,
Fri.,2025-01-03,8:00 PM,7:00 PM,Ottawa,St. Louis,,,
Fri.,2025-01-03,9:00 PM,7:00 PM,Anaheim,Edmonton,,,
Fri.,2025-01-03,9:00 PM,6:00 PM,Nashville,Vancouver,,,
Sat.,2025-01-04,12:00 PM,12:00 PM,N.Y. Rangers,Washington,,,
Sat.,2025-01-04,3:00 PM,2:00 PM,Detroit,Winnipeg,,,
Sat.,2025-01-04,4:00 PM,1:00 PM,New Jersey,San Jose,,,
Sat.,2025-01-04,7:00 PM,7:00 PM,Boston,Toronto,,,
Sat.,2025-01-04,7:00 PM,7:00 PM,Minnesota,Carolina,,,
Sat.,2025-01-04,7:00 PM,7:00 PM,St. Louis,Columbus,,,
Sat.,2025-01-04,7:00 PM,5:00 PM,Montreal,Colorado,,,
Sat.,2025-01-04,7:00 PM,5:00 PM,Nashville,Calgary,,,
Sat.,2025-01-04,8:00 PM,7:00 PM,Utah,Dallas,,,
Sat.,2025-01-04,9:00 PM,6:00 PM,Tampa Bay,Los Angeles,,,
Sat.,2025-01-04,10:00 PM,7:00 PM,Buffalo,Vegas,,,
Sat.,2025-01-04,10:00 PM,7:00 PM,Edmonton,Seattle,,,
Sun.,2025-01-05,3:00 PM,2:00 PM,N.Y. Rangers,Chicago,,,
Sun.,2025-01-05,6:00 PM,6:00 PM,N.Y. Islanders,Boston,,,
Sun.,2025-01-05,6:00 PM,6:00 PM,Pittsburgh,Carolina,,,
Sun.,2025-01-05,7:00 PM,7:00 PM,Philadelphia,Toronto,,,
Sun.,2025-01-05,8:00 PM,5:00 PM,Tampa Bay,Anaheim,,,
Mon.,2025-01-06,7:00 PM,7:00 PM,Washington,Buffalo,,,
Mon.,2025-01-06,7:30 PM,7:30 PM,Vancouver,Montreal,,,
Mon.,2025-01-06,9:00 PM,7:00 PM,Florida,Colorado,,,
Mon.,2025-01-06,10:00 PM,7:00 PM,New Jersey,Seattle,,,
Tue.,2025-01-07,7:00 PM,7:00 PM,Edmonton,Boston,,,
Tue.,2025-01-07,7:00 PM,7:00 PM,Ottawa,Detroit,,,
Tue.,2025-01-07,7:00 PM,7:00 PM,Dallas,N.Y. Rangers,,,
Tue.,2025-01-07,7:00 PM,7:00 PM,Toronto,Philadelphia,,,
Tue.,2025-01-07,7:00 PM,7:00 PM,Columbus,Pittsburgh,,,
Tue.,2025-01-07,8:00 PM,7:00 PM,St. Louis,Minnesota,,,
Tue.,2025-01-07,8:00 PM,7:00 PM,Nashville,Winnipeg,,,
Tue.,2025-01-07,10:00 PM,7:00 PM,Calgary,Anaheim,,,
Tue.,2025-01-07,10:30 PM,7:30 PM,Vegas,San Jose,,,
Wed.,2025-01-08,7:30 PM,7:30 PM,Vancouver,Washington,,,
Wed.,2025-01-08,7:30 PM,6:30 PM,Colorado,Chicago,,,
Wed.,2025-01-08,10:00 PM,8:00 PM,Florida,Utah,,,
Wed.,2025-01-08,10:30 PM,7:30 PM,Calgary,Los Angeles,,,
Thu.,2025-01-09,7:00 PM,7:00 PM,Buffalo,Ottawa,,,
Thu.,2025-01-09,7:00 PM,7:00 PM,Boston,Tampa Bay,,,
Thu.,2025-01-09,7:00 PM,7:00 PM,New Jersey,N.Y. Rangers,,,
Thu.,2025-01-09,7:00 PM,7:00 PM,Dallas,Philadelphia,,,
Thu.,2025-01-09,7:00 PM,7:00 PM,Edmonton,Pittsburgh,,,
Thu.,2025-01-09,7:00 PM,7:00 PM,Toronto,Carolina,,,
Thu.,2025-01-09,7:00 PM,7:00 PM,Seattle,Columbus,,,
Thu.,2025-01-09,8:00 PM,7:00 PM,Anaheim,St. Louis,,,
Thu.,2025-01-09,8:00 PM,7:00 PM,Colorado,Minnesota,,,
Thu.,2025-01-09,10:00 PM,7:00 PM,N.Y. Islanders,Vegas,,,
Fri.,2025-01-10,7:00 PM,7:00 PM,Chicago,Detroit,,,
Fri.,2025-01-10,7:00 PM,7:00 PM,Montreal,Washington,,,
Fri.,2025-01-10,7:00 PM,7:00 PM,Vancouver,Carolina,,,
Fri.,2025-01-10,8:00 PM,7:00 PM,Los Angeles,Winnipeg,,,
Fri.,2025-01-10,9:00 PM,7:00 PM,San Jose,Utah,,,
Sat.,2025-01-11,1:00 PM,1:00 PM,Boston,Florida,,,
Sat.,2025-01-11,4:00 PM,4:00 PM,Seattle,Buffalo,,,
Sat.,2025-01-11,4:00 PM,4:00 PM,Ottawa,Pittsburgh,,,
Sat.,2025-01-11,7:00 PM,7:00 PM,Vancouver,Toronto,,,
Sat.,2025-01-11,7:00 PM,7:00 PM,Dallas,Montreal,,,
Sat.,2025-01-11,7:00 PM,7:00 PM,Tampa Bay,New Jersey,,,
Sat.,2025-01-11,7:00 PM,7:00 PM,Anaheim,Philadelphia,,,
Sat.,2025-01-11,7:00 PM,6:00 PM,Edmonton,Chicago,,,
Sat.,2025-01-11,7:00 PM,6:00 PM,Columbus,St. Louis,,,
Sat.,2025-01-11,7:00 PM,6:00 PM,Colorado,Winnipeg,,,
Sat.,2025-01-11,8:00 PM,7:00 PM,Washington,Nashville,,,
Sat.,2025-01-11,9:00 PM,7:00 PM,N.Y. Islanders,Utah,,,
Sat.,2025-01-11,10:00 PM,8:00 PM,Los Angeles,Calgary,,,
Sat.,2025-01-11,10:00 PM,7:00 PM,N.Y. Rangers,Vegas,,,
Sat.,2025-01-11,10:00 PM,7:00 PM,Minnesota,San Jose,,,
Sun.,2025-01-12,3:00 PM,3:00 PM,Seattle,Detroit,,,
Sun.,2025-01-12,5:00 PM,5:00 PM,Dallas,Ottawa,,,
Sun.,2025-01-12,5:00 PM,5:00 PM,Tampa Bay,Pittsburgh,,,
Sun.,2025-01-12,5:00 PM,5:00 PM,Anaheim,Carolina,,,
Sun.,2025-01-12,8:00 PM,5:00 PM,Minnesota,Vegas,,,
Mon.,2025-01-13,7:00 PM,7:00 PM,Florida,Philadelphia,,,
Mon.,2025-01-13,7:30 PM,6:30 PM,Calgary,Chicago,,,
Mon.,2025-01-13,9:30 PM,7:30 PM,Los Angeles,Edmonton,,,
Tue.,2025-01-14,7:00 PM,7:00 PM,Tampa Bay,Boston,,,
Tue.,2025-01-14,7:00 PM,7:00 PM,Dallas,Toronto,,,
Tue.,2025-01-14,7:00 PM,7:00 PM,San Jose,Detroit,,,
Tue.,2025-01-14,7:00 PM,7:00 PM,Florida,New Jersey,,,
Tue.,2025-01-14,7:00 PM,7:00 PM,Seattle,Pittsburgh,,,
Tue.,2025-01-14,7:00 PM,7:00 PM,Anaheim,Washington,,,
Tue.,2025-01-14,7:00 PM,7:00 PM,Philadelphia,Columbus,,,
Tue.,2025-01-14,7:30 PM,7:30 PM,Ottawa,N.Y. Islanders,,,
Tue.,2025-01-14,8:00 PM,7:00 PM,Calgary,St. Louis,,,
Tue.,2025-01-14,8:00 PM,7:00 PM,Vegas,Nashville,,,
Tue.,2025-01-14,8:00 PM,7:00 PM,Vancouver,Winnipeg,,,
Tue.,2025-01-14,9:00 PM,7:00 PM,N.Y. Rangers,Colorado,,,
Tue.,2025-01-14,9:00 PM,7:00 PM,Montreal,Utah,,,
Wed.,2025-01-15,6:00 PM,6:00 PM,Carolina,Buffalo,,,
Wed.,2025-01-15,8:30 PM,7:30 PM,Edmonton,Minnesota,,,
Thu.,2025-01-16,7:00 PM,7:00 PM,New Jersey,Toronto,,,
Thu.,2025-01-16,7:00 PM,7:00 PM,Washington,Ottawa,,,
Thu.,2025-01-16,7:00 PM,7:00 PM,Anaheim,Tampa Bay,,,
Thu.,2025-01-16,7:00 PM,7:00 PM,Detroit,Florida,,,
Thu.,2025-01-16,7:00 PM,7:00 PM,San Jose,Columbus,,,
Thu.,2025-01-16,7:30 PM,7:30 PM,Philadelphia,N.Y. Islanders,,,
Thu.,2025-01-16,8:00 PM,7:00 PM,Calgary,St. Louis,,,
Thu.,2025-01-16,8:00 PM,7:00 PM,Chicago,Nashville,,,
Thu.,2025-01-16,8:00 PM,7:00 PM,Montreal,Dallas,,,
Thu.,2025-01-16,8:00 PM,7:00 PM,Seattle,Winnipeg,,,
Thu.,2025-01-16,9:00 PM,7:00 PM,N.Y. Rangers,Utah,,,
Thu.,2025-01-16,9:30 PM,7:30 PM,Edmonton,Colorado,,,
Thu.,2025-01-16,10:00 PM,7:00 PM,Los Angeles,Vancouver,,,
Fri.,2025-01-17,7:00 PM,7:00 PM,Pittsburgh,Buffalo,,,
Fri.,2025-01-17,7:00 PM,7:00 PM,Vegas,Carolina,,,
Sat.,2025-01-18,12:30 PM,12:30 PM,Philadelphia,New Jersey,,,
Sat.,2025-01-18,3:00 PM,3:00 PM,Boston,Ottawa,,,
Sat.,2025-01-18,4:00 PM,2:00 PM,Dallas,Colorado,,,
Sat.,2025-01-18,6:00 PM,6:00 PM,Anaheim,Florida,,,
Sat.,2025-01-18,7:00 PM,7:00 PM,Toronto,Montreal,,,
Sat.,2025-01-18,7:00 PM,7:00 PM,Detroit,Tampa Bay,,,
Sat.,2025-01-18,7:00 PM,7:00 PM,Columbus,N.Y. Rangers,,,
Sat.,2025-01-18,7:00 PM,7:00 PM,Pittsburgh,Washington,,,
Sat.,2025-01-18,7:00 PM,6:00 PM,Calgary,Winnipeg,,,
Sat.,2025-01-18,7:30 PM,7:30 PM,San Jose,N.Y. Islanders,,,
Sat.,2025-01-18,8:00 PM,7:00 PM,Vegas,Chicago,,,
Sat.,2025-01-18,8:00 PM,7:00 PM,Minnesota,Nashville,,,
Sat.,2025-01-18,9:00 PM,7:00 PM,St. Louis,Utah,,,
Sat.,2025-01-18,10:00 PM,7:00 PM,Edmonton,Vancouver,,,
Sat.,2025-01-18,10:00 PM,7:00 PM,Los Angeles,Seattle,,,
Sun.,2025-01-19,1:00 PM,1:00 PM,Ottawa,New Jersey,,,
Sun.,2025-01-19,7:00 PM,7:00 PM,N.Y. Rangers,Montreal,,,
Sun.,2025-01-19,8:00 PM,7:00 PM,Detroit,Dallas,,,
Mon.,2025-01-20,1:00 PM,1:00 PM,San Jose,Boston,,,
Mon.,2025-01-20,3:00 PM,1:00 PM,Minnesota,Colorado,,,
Mon.,2025-01-20,4:00 PM,1:00 PM,Buffalo,Seattle,,,
Mon.,2025-01-20,6:00 PM,3:00 PM,St. Louis,Vegas,,,
Mon.,2025-01-20,7:30 PM,7:30 PM,Tampa Bay,Toronto,,,
Mon.,2025-01-20,7:30 PM,7:30 PM,Columbus,N.Y. Islanders,,,
Mon.,2025-01-20,8:30 PM,7:30 PM,Carolina,Chicago,,,
Mon.,2025-01-20,9:30 PM,7:30 PM,Winnipeg,Utah,,,
Mon.,2025-01-20,10:30 PM,7:30 PM,Pittsburgh,Los Angeles,,,
Tue.,2025-01-21,7:00 PM,7:00 PM,Tampa Bay,Montreal,,,
Tue.,2025-01-21,7:00 PM,7:00 PM,Ottawa,N.Y. Rangers,,,
Tue.,2025-01-21,7:00 PM,7:00 PM,Detroit,Philadelphia,,,
Tue.,2025-01-21,8:00 PM,7:00 PM,San Jose,Nashville,,,
Tue.,2025-01-21,8:00 PM,7:00 PM,Carolina,Dallas,,,
Tue.,2025-01-21,9:00 PM,7:00 PM,Washington,Edmonton,,,
Tue.,2025-01-21,10:00 PM,7:00 PM,Buffalo,Vancouver,,,
Tue.,2025-01-21,10:00 PM,7:00 PM,Florida,Anaheim,,,
Wed.,2025-01-22,7:30 PM,7:30 PM,Columbus,Toronto,,,
Wed.,2025-01-22,7:30 PM,7:30 PM,Boston,New Jersey,,,
Wed.,2025-01-22,9:30 PM,7:30 PM,Winnipeg,Colorado,,,
Wed.,2025-01-22,10:00 PM,7:00 PM,Florida,Los Angeles,,,
Thu.,2025-01-23,7:00 PM,7:00 PM,Ottawa,Boston,,,
Thu.,2025-01-23,7:00 PM,7:00 PM,Montreal,Detroit,,,
Thu.,2025-01-23,7:00 PM,7:00 PM,Philadelphia,N.Y. Rangers,,,
Thu.,2025-01-23,7:00 PM,7:00 PM,Columbus,Carolina,,,
Thu.,2025-01-23,8:00 PM,7:00 PM,Vegas,St. Louis,,,
Thu.,2025-01-23,8:00 PM,7:00 PM,Utah,Minnesota,,,
Thu.,2025-01-23,9:00 PM,7:00 PM,Buffalo,Calgary,,,
Thu.,2025-01-23,9:00 PM,7:00 PM,Vancouver,Edmonton,,,
Thu.,2025-01-23,10:00 PM,7:00 PM,Pittsburgh,Anaheim,,,
Thu.,2025-01-23,10:00 PM,7:00 PM,Washington,Seattle,,,
Thu.,2025-01-23,10:30 PM,7:30 PM,Nashville,San Jose,,,
Fri.,2025-01-24,7:30 PM,7:30 PM,Philadelphia,N.Y. Islanders,,,
Fri.,2025-01-24,7:30 PM,6:30 PM,Tampa Bay,Chicago,,,
Fri.,2025-01-24,8:00 PM,7:00 PM,Vegas,Dallas,,,
Fri.,2025-01-24,8:00 PM,7:00 PM,Utah,Winnipeg,,,
Sat.,2025-01-25,1:00 PM,1:00 PM,Colorado,Boston,,,
Sat.,2025-01-25,4:00 PM,2:00 PM,Buffalo,Edmonton,,,
Sat.,2025-01-25,4:00 PM,1:00 PM,Pittsburgh,Seattle,,,
Sat.,2025-01-25,7:00 PM,7:00 PM,New Jersey,Montreal,,,
Sat.,2025-01-25,7:00 PM,7:00 PM,Toronto,Ottawa,,,
Sat.,2025-01-25,7:00 PM,7:00 PM,Tampa Bay,Detroit,,,
Sat.,2025-01-25,7:00 PM,7:00 PM,Los Angeles,Columbus,,,
Sat.,2025-01-25,7:00 PM,6:00 PM,Dallas,St. Louis,,,
Sat.,2025-01-25,7:00 PM,6:00 PM,Calgary,Minnesota,,,
Sat.,2025-01-25,7:30 PM,7:30 PM,Carolina,N.Y. Islanders,,,
Sat.,2025-01-25,10:00 PM,7:00 PM,Washington,Vancouver,,,
Sat.,2025-01-25,10:00 PM,7:00 PM,Nashville,Anaheim,,,
Sat.,2025-01-25,10:00 PM,7:00 PM,Florida,San Jose,,,
Sun.,2025-01-26,1:00 PM,1:00 PM,Colorado,N.Y. Rangers,,,
Sun.,2025-01-26,5:00 PM,5:00 PM,Utah,Ottawa,,,
Sun.,2025-01-26,6:00 PM,5:00 PM,Calgary,Winnipeg,,,
Sun.,2025-01-26,7:00 PM,6:00 PM,Minnesota,Chicago,,,
Sun.,2025-01-26,8:00 PM,5:00 PM,Florida,Vegas,,,
Mon.,2025-01-27,7:00 PM,7:00 PM,Los Angeles,Detroit,,,
Mon.,2025-01-27,7:00 PM,7:00 PM,New Jersey,Philadelphia,,,
Mon.,2025-01-27,7:30 PM,6:30 PM,Vancouver,St. Louis,,,
Mon.,2025-01-27,9:30 PM,7:30 PM,Seattle,Edmonton,,,
Mon.,2025-01-27,10:30 PM,7:30 PM,Pittsburgh,San Jose,,,
Tue.,2025-01-28,7:00 PM,7:00 PM,Boston,Buffalo,,,
Tue.,2025-01-28,7:00 PM,7:00 PM,Winnipeg,Montreal,,,
Tue.,2025-01-28,7:00 PM,7:00 PM,Chicago,Tampa Bay,,,
Tue.,2025-01-28,7:00 PM,7:00 PM,Carolina,N.Y. Rangers,,,
Tue.,2025-01-28,7:30 PM,7:30 PM,Colorado,N.Y. Islanders,,,
Tue.,2025-01-28,9:00 PM,7:00 PM,Washington,Calgary,,,
Tue.,2025-01-28,10:00 PM,7:00 PM,Dallas,Vegas,,,
Tue.,2025-01-28,10:00 PM,7:00 PM,Anaheim,Seattle,,,
Wed.,2025-01-29,7:00 PM,7:00 PM,Minnesota,Toronto,,,
Wed.,2025-01-29,7:00 PM,7:00 PM,Los Angeles,Florida,,,
Wed.,2025-01-29,7:00 PM,7:00 PM,Philadelphia,New Jersey,,,
Wed.,2025-01-29,9:00 PM,8:00 PM,Vancouver,Nashville,,,
Wed.,2025-01-29,9:30 PM,7:30 PM,Pittsburgh,Utah,,,
Thu.,2025-01-30,7:00 PM,7:00 PM,Winnipeg,Boston,,,
Thu.,2025-01-30,7:00 PM,7:00 PM,Minnesota,Montreal,,,
Thu.,2025-01-30,7:00 PM,7:00 PM,Washington,Ottawa,,,
Thu.,2025-01-30,7:00 PM,7:00 PM,Los Angeles,Tampa Bay,,,
Thu.,2025-01-30,7:00 PM,7:00 PM,N.Y. Islanders,Philadelphia,,,
Thu.,2025-01-30,7:00 PM,7:00 PM,Chicago,Carolina,,,
Thu.,2025-01-30,9:00 PM,7:00 PM,Anaheim,Calgary,,,
Thu.,2025-01-30,9:00 PM,7:00 PM,Detroit,Edmonton,,,
Thu.,2025-01-30,10:00 PM,7:00 PM,Columbus,Vegas,,,
Thu.,2025-01-30,10:00 PM,7:00 PM,San Jose,Seattle,,,
Fri.,2025-01-31,7:00 PM,7:00 PM,Nashville,Buffalo,,,
Fri.,2025-01-31,8:00 PM,7:00 PM,Vancouver,Dallas,,,
Fri.,2025-01-31,9:00 PM,7:00 PM,St. Louis,Colorado,,,
Fri.,2025-01-31,9:00 PM,7:00 PM,Columbus,Utah,,,
Sat.,2025-02-01,1:00 PM,1:00 PM,Chicago,Florida,,,
Sat.,2025-02-01,3:30 PM,3:30 PM,N.Y. Rangers,Boston,,,
Sat.,2025-02-01,7:00 PM,7:00 PM,Minnesota,Ottawa,,,
Sat.,2025-02-01,7:00 PM,7:00 PM,N.Y. Islanders,Tampa Bay,,,
Sat.,2025-02-01,7:00 PM,7:00 PM,Nashville,Pittsburgh,,,
Sat.,2025-02-01,7:00 PM,7:00 PM,Winnipeg,Washington,,,
Sat.,2025-02-01,7:00 PM,7:00 PM,Los Angeles,Carolina,,,
Sat.,2025-02-01,7:00 PM,5:00 PM,Toronto,Edmonton,,,
Sat.,2025-02-01,10:00 PM,8:00 PM,Detroit,Calgary,,,
Sun.,2025-02-02,1:00 PM,1:00 PM,New Jersey,Buffalo,,,
Sun.,2025-02-02,3:00 PM,1:00 PM,Philadelphia,Colorado,,,
Sun.,2025-02-02,4:00 PM,1:00 PM,Montreal,Anaheim,,,
Sun.,2025-02-02,6:00 PM,6:00 PM,N.Y. Islanders,Florida,,,
Sun.,2025-02-02,6:00 PM,6:00 PM,Vegas,N.Y. Rangers,,,
Sun.,2025-02-02,6:00 PM,5:00 PM,Columbus,Dallas,,,
Sun.,2025-02-02,7:00 PM,5:00 PM,St. Louis,Utah,,,
Sun.,2025-02-02,8:00 PM,5:00 PM,Detroit,Vancouver,,,
Sun.,2025-02-02,9:00 PM,6:00 PM,Calgary,Seattle,,,
Mon.,2025-02-03,7:30 PM,6:30 PM,Ottawa,Nashville,,,
Tue.,2025-02-04,7:00 PM,7:00 PM,Minnesota,Boston,,,
Tue.,2025-02-04,7:00 PM,7:00 PM,Columbus,Buffalo,,,
Tue.,2025-02-04,7:00 PM,7:00 PM,Ottawa,Tampa Bay,,,
Tue.,2025-02-04,7:00 PM,7:00 PM,New Jersey,Pittsburgh,,,
Tue.,2025-02-04,7:00 PM,7:00 PM,Florida,Washington,,,
Tue.,2025-02-04,7:30 PM,7:30 PM,Vegas,N.Y. Islanders,,,
Tue.,2025-02-04,8:00 PM,7:00 PM,Edmonton,St. Louis,,,
Tue.,2025-02-04,8:00 PM,7:00 PM,Carolina,Winnipeg,,,
Tue.,2025-02-04,9:00 PM,7:00 PM,Toronto,Calgary,,,
Tue.,2025-02-04,9:00 PM,7:00 PM,Philadelphia,Utah,,,
Tue.,2025-02-04,10:00 PM,7:00 PM,Colorado,Vancouver,,,
Tue.,2025-02-04,10:00 PM,7:00 PM,Dallas,Anaheim,,,
Tue.,2025-02-04,10:00 PM,7:00 PM,Detroit,Seattle,,,
Tue.,2025-02-04,10:30 PM,7:30 PM,Montreal,San Jose,,,
Wed.,2025-02-05,7:00 PM,7:00 PM,Boston,N.Y. Rangers,,,
Wed.,2025-02-05,9:30 PM,8:30 PM,Edmonton,Chicago,,,
Wed.,2025-02-05,10:30 PM,7:30 PM,Montreal,Los Angeles,,,
Thu.,2025-02-06,7:00 PM,7:00 PM,Ottawa,Tampa Bay,,,
Thu.,2025-02-06,7:00 PM,7:00 PM,Vegas,New Jersey,,,
Thu.,2025-02-06,7:00 PM,7:00 PM,Washington,Philadelphia,,,
Thu.,2025-02-06,7:00 PM,7:00 PM,Utah,Columbus,,,
Thu.,2025-02-06,8:00 PM,7:00 PM,Florida,St. Louis,,,
Thu.,2025-02-06,8:00 PM,7:00 PM,Carolina,Minnesota,,,
Thu.,2025-02-06,9:00 PM,7:00 PM,Colorado,Calgary,,,
Thu.,2025-02-06,10:00 PM,7:00 PM,Toronto,Seattle,,,
Thu.,2025-02-06,10:30 PM,7:30 PM,Vancouver,San Jose,,,
Fri.,2025-02-07,7:00 PM,7:00 PM,Pittsburgh,N.Y. Rangers,,,
Fri.,2025-02-07,8:00 PM,7:00 PM,N.Y. Islanders,Winnipeg,,,
Fri.,2025-02-07,8:30 PM,7:30 PM,Nashville,Chicago,,,
Fri.,2025-02-07,9:00 PM,7:00 PM,Colorado,Edmonton,,,
Fri.,2025-02-07,10:30 PM,7:30 PM,Dallas,Los Angeles,,,
Sat.,2025-02-08,1:00 PM,1:00 PM,New Jersey,Montreal,,,
Sat.,2025-02-08,1:00 PM,1:00 PM,Tampa Bay,Detroit,,,
Sat.,2025-02-08,1:00 PM,1:00 PM,Utah,Carolina,,,
Sat.,2025-02-08,3:30 PM,3:30 PM,Vegas,Boston,,,
Sat.,2025-02-08,7:00 PM,7:00 PM,Ottawa,Florida,,,
Sat.,2025-02-08,7:00 PM,7:00 PM,Pittsburgh,Philadelphia,,,
Sat.,2025-02-08,7:00 PM,7:00 PM,N.Y. Rangers,Columbus,,,
Sat.,2025-02-08,7:00 PM,6:00 PM,Chicago,St. Louis,,,
Sat.,2025-02-08,7:00 PM,4:00 PM,Toronto,Vancouver,,,
Sat.,2025-02-08,8:00 PM,7:00 PM,Buffalo,Nashville,,,
Sat.,2025-02-08,8:00 PM,7:00 PM,N.Y. Islanders,Minnesota,,,
Sat.,2025-02-08,10:00 PM,8:00 PM,Seattle,Calgary,,,
Sat.,2025-02-08,10:00 PM,7:00 PM,Anaheim,Los Angeles,,,
Sat.,2025-02-08,10:00 PM,7:00 PM,Dallas,San Jose,,,
Sun.,2025-02-09,12:30 PM,12:30 PM,Utah,Washington,,,
Sun.,2025-02-09,1:00 PM,1:00 PM,Tampa Bay,Montreal,,,
Sat.,2025-02-22,1:00 PM,1:00 PM,Edmonton,Philadelphia,,,
Sat.,2025-02-22,1:00 PM,1:00 PM,Washington,Pittsburgh,,,
Sat.,2025-02-22,3:30 PM,3:30 PM,Minnesota,Detroit,,,
Sat.,2025-02-22,5:30 PM,5:30 PM,N.Y. Rangers,Buffalo,,,
Sat.,2025-02-22,6:00 PM,6:00 PM,Seattle,Florida,,,
Sat.,2025-02-22,6:00 PM,6:00 PM,Dallas,New Jersey,,,
Sat.,2025-02-22,6:00 PM,5:00 PM,Colorado,Nashville,,,
Sat.,2025-02-22,7:00 PM,7:00 PM,Anaheim,Boston,,,
Sat.,2025-02-22,7:00 PM,7:00 PM,Carolina,Toronto,,,
Sat.,2025-02-22,7:00 PM,7:00 PM,Montreal,Ottawa,,,
Sat.,2025-02-22,7:00 PM,7:00 PM,Chicago,Columbus,,,
Sat.,2025-02-22,7:00 PM,6:00 PM,Winnipeg,St. Louis,,,
Sat.,2025-02-22,9:00 PM,6:00 PM,Utah,Los Angeles,,,
Sat.,2025-02-22,10:00 PM,7:00 PM,Vancouver,Vegas,,,
Sun.,2025-02-23,1:00 PM,1:00 PM,Edmonton,Washington,,,
Sun.,2025-02-23,3:30 PM,3:30 PM,N.Y. Rangers,Pittsburgh,,,
Sun.,2025-02-23,6:00 PM,6:00 PM,Anaheim,Detroit,,,
Sun.,2025-02-23,6:00 PM,6:00 PM,Seattle,Tampa Bay,,,
Sun.,2025-02-23,6:00 PM,5:00 PM,Colorado,St. Louis,,,
Sun.,2025-02-23,6:00 PM,5:00 PM,New Jersey,Nashville,,,
Sun.,2025-02-23,7:00 PM,6:00 PM,Toronto,Chicago,,,
Sun.,2025-02-23,7:30 PM,7:30 PM,Dallas,N.Y. Islanders,,,
Sun.,2025-02-23,8:00 PM,6:00 PM,San Jose,Calgary,,,
Sun.,2025-02-23,8:00 PM,6:00 PM,Vancouver,Utah,,,
Mon.,2025-02-24,7:30 PM,6:30 PM,San Jose,Winnipeg,,,
Mon.,2025-02-24,10:30 PM,7:30 PM,Vegas,Los Angeles,,,
Tue.,2025-02-25,7:00 PM,7:00 PM,Toronto,Boston,,,
Tue.,2025-02-25,7:00 PM,7:00 PM,Anaheim,Buffalo,,,
Tue.,2025-02-25,7:00 PM,7:00 PM,Carolina,Montreal,,,
Tue.,2025-02-25,7:00 PM,7:00 PM,Edmonton,Tampa Bay,,,
Tue.,2025-02-25,7:00 PM,7:00 PM,Pittsburgh,Philadelphia,,,
Tue.,2025-02-25,7:00 PM,7:00 PM,Calgary,Washington,,,
Tue.,2025-02-25,7:00 PM,7:00 PM,Dallas,Columbus,,,
Tue.,2025-02-25,7:30 PM,7:30 PM,N.Y. Rangers,N.Y. Islanders,,,
Tue.,2025-02-25,8:00 PM,7:00 PM,Seattle,St. Louis,,,
Tue.,2025-02-25,8:00 PM,7:00 PM,Florida,Nashville,,,
Tue.,2025-02-25,8:00 PM,7:00 PM,Detroit,Minnesota,,,
Tue.,2025-02-25,9:00 PM,7:00 PM,Chicago,Utah,,,
Wed.,2025-02-26,7:00 PM,7:00 PM,Winnipeg,Ottawa,,,
Wed.,2025-02-26,9:30 PM,7:30 PM,New Jersey,Colorado,,,
Wed.,2025-02-26,10:00 PM,7:00 PM,Vancouver,Los Angeles,,,
Thu.,2025-02-27,7:00 PM,7:00 PM,N.Y. Islanders,Boston,,,
Thu.,2025-02-27,7:00 PM,7:00 PM,San Jose,Montreal,,,
Thu.,2025-02-27,7:00 PM,7:00 PM,Columbus,Detroit,,,
Thu.,2025-02-27,7:00 PM,7:00 PM,Calgary,Tampa Bay,,,
Thu.,2025-02-27,7:00 PM,7:00 PM,Edmonton,Florida,,,
Thu.,2025-02-27,7:00 PM,7:00 PM,Philadelphia,Pittsburgh,,,
Thu.,2025-02-27,7:00 PM,7:00 PM,St. Louis,Washington,,,
Thu.,2025-02-27,7:00 PM,7:00 PM,Buffalo,Carolina,,,
Thu.,2025-02-27,8:00 PM,7:00 PM,Winnipeg,Nashville,,,
Thu.,2025-02-27,9:00 PM,7:00 PM,Minnesota,Utah,,,
Thu.,2025-02-27,10:00 PM,7:00 PM,Chicago,Vegas,,,
Thu.,2025-02-27,10:00 PM,7:00 PM,Vancouver,Anaheim,,,
Fri.,2025-02-28,7:00 PM,7:00 PM,Toronto,N.Y. Rangers,,,
Fri.,2025-02-28,8:00 PM,7:00 PM,Los Angeles,Dallas,,,
Fri.,2025-02-28,9:00 PM,7:00 PM,Minnesota,Colorado,,,
Sat.,2025-03-01,12:30 PM,12:30 PM,Nashville,N.Y. Islanders,,,
Sat.,2025-03-01,12:30 PM,12:30 PM,Tampa Bay,Washington,,,
Sat.,2025-03-01,TBD,TBD,Detroit,Columbus,,,
Sat.,2025-03-01,3:00 PM,3:00 PM,Calgary,Florida,,,
Sat.,2025-03-01,3:00 PM,3:00 PM,Boston,Pittsburgh,,,
Sat.,2025-03-01,7:00 PM,7:00 PM,Montreal,Buffalo,,,
Sat.,2025-03-01,7:00 PM,7:00 PM,San Jose,Ottawa,,,
Sat.,2025-03-01,7:00 PM,7:00 PM,Edmonton,Carolina,,,
Sat.,2025-03-01,7:00 PM,6:00 PM,Philadelphia,Winnipeg,,,
Sat.,2025-03-01,8:00 PM,7:00 PM,Los Angeles,St. Louis,,,
Sat.,2025-03-01,9:00 PM,7:00 PM,New Jersey,Utah,,,
Sat.,2025-03-01,10:00 PM,7:00 PM,Chicago,Anaheim,,,
Sat.,2025-03-01,10:00 PM,7:00 PM,Vancouver,Seattle,,,
Sun.,2025-03-02,1:00 PM,1:00 PM,Toronto,Pittsburgh,,,
Sun.,2025-03-02,3:30 PM,2:30 PM,Boston,Minnesota,,,
Sun.,2025-03-02,5:00 PM,5:00 PM,Calgary,Carolina,,,
Sun.,2025-03-02,6:00 PM,5:00 PM,St. Louis,Dallas,,,
Sun.,2025-03-02,7:00 PM,7:00 PM,Nashville,N.Y. Rangers,,,
Sun.,2025-03-02,8:00 PM,5:00 PM,New Jersey,Vegas,,,
Mon.,2025-03-03,6:30 PM,6:30 PM,Ottawa,Washington,,,
Mon.,2025-03-03,7:00 PM,7:00 PM,Buffalo,Montreal,,,
Mon.,2025-03-03,7:00 PM,7:00 PM,Tampa Bay,Florida,,,
Mon.,2025-03-03,7:00 PM,7:00 PM,N.Y. Islanders,N.Y. Rangers,,,
Mon.,2025-03-03,7:30 PM,7:30 PM,San Jose,Toronto,,,
Mon.,2025-03-03,8:30 PM,7:30 PM,Los Angeles,Chicago,,,
Tue.,2025-03-04,7:00 PM,7:00 PM,Nashville,Boston,,,
Tue.,2025-03-04,7:00 PM,7:00 PM,San Jose,Buffalo,,,
Tue.,2025-03-04,7:00 PM,7:00 PM,Carolina,Detroit,,,
Tue.,2025-03-04,7:00 PM,7:00 PM,Columbus,Tampa Bay,,,
Tue.,2025-03-04,7:00 PM,7:00 PM,Calgary,Philadelphia,,,
Tue.,2025-03-04,7:30 PM,7:30 PM,Winnipeg,N.Y. Islanders,,,
Tue.,2025-03-04,8:00 PM,7:00 PM,New Jersey,Dallas,,,
Tue.,2025-03-04,9:00 PM,7:00 PM,Pittsburgh,Colorado,,,
Tue.,2025-03-04,9:00 PM,7:00 PM,Anaheim,Edmonton,,,
Tue.,2025-03-04,10:00 PM,7:00 PM,Minnesota,Seattle,,,
Wed.,2025-03-05,7:30 PM,7:30 PM,Washington,N.Y. Rangers,,,
Wed.,2025-03-05,7:30 PM,6:30 PM,Ottawa,Chicago,,,
Wed.,2025-03-05,10:00 PM,7:00 PM,Toronto,Vegas,,,
Wed.,2025-03-05,10:30 PM,7:30 PM,Anaheim,Vancouver,,,
Wed.,2025-03-05,10:30 PM,7:30 PM,St. Louis,Los Angeles,,,
Thu.,2025-03-06,7:00 PM,7:00 PM,Utah,Detroit,,,
Thu.,2025-03-06,7:00 PM,7:00 PM,Buffalo,Tampa Bay,,,
Thu.,2025-03-06,7:00 PM,7:00 PM,Columbus,Florida,,,
Thu.,2025-03-06,7:00 PM,7:00 PM,Winnipeg,Philadelphia,,,
Thu.,2025-03-06,7:00 PM,7:00 PM,Boston,Carolina,,,
Thu.,2025-03-06,8:00 PM,7:00 PM,Seattle,Nashville,,,
Thu.,2025-03-06,8:00 PM,7:00 PM,Calgary,Dallas,,,
Thu.,2025-03-06,9:00 PM,7:00 PM,Montreal,Edmonton,,,
Thu.,2025-03-06,9:30 PM,7:30 PM,San Jose,Colorado,,,
Fri.,2025-03-07,7:00 PM,7:00 PM,Winnipeg,New Jersey,,,
Fri.,2025-03-07,7:00 PM,7:00 PM,Detroit,Washington,,,
Fri.,2025-03-07,8:30 PM,7:30 PM,Utah,Chicago,,,
Fri.,2025-03-07,10:00 PM,7:00 PM,Minnesota,Vancouver,,,
Fri.,2025-03-07,10:00 PM,7:00 PM,Pittsburgh,Vegas,,,
Fri.,2025-03-07,10:00 PM,7:00 PM,St. Louis,Anaheim,,,
Sat.,2025-03-08,12:30 PM,12:30 PM,N.Y. Rangers,Ottawa,,,
Sat.,2025-03-08,12:30 PM,12:30 PM,Seattle,Philadelphia,,,
Sat.,2025-03-08,3:00 PM,3:00 PM,Boston,Tampa Bay,,,
Sat.,2025-03-08,6:00 PM,6:00 PM,Buffalo,Florida,,,
Sat.,2025-03-08,7:00 PM,5:00 PM,Toronto,Colorado,,,
Sat.,2025-03-08,7:00 PM,5:00 PM,Montreal,Calgary,,,
Sat.,2025-03-08,8:00 PM,7:00 PM,Chicago,Nashville,,,
Sat.,2025-03-08,8:00 PM,5:00 PM,St. Louis,Los Angeles,,,
Sat.,2025-03-08,10:00 PM,8:00 PM,Dallas,Edmonton,,,
Sat.,2025-03-08,10:00 PM,7:00 PM,N.Y. Islanders,San Jose,,,
Sun.,2025-03-09,1:00 PM,1:00 PM,New Jersey,Philadelphia,,,
Sun.,2025-03-09,3:30 PM,3:30 PM,Seattle,Washington,,,
Sun.,2025-03-09,3:30 PM,2:30 PM,Pittsburgh,Minnesota,,,
Sun.,2025-03-09,5:00 PM,5:00 PM,Winnipeg,Carolina,,,
Sun.,2025-03-09,6:00 PM,6:00 PM,Columbus,N.Y. Rangers,,,
Sun.,2025-03-09,8:00 PM,5:00 PM,Los Angeles,Vegas,,,
Sun.,2025-03-09,9:00 PM,6:00 PM,Dallas,Vancouver,,,
Sun.,2025-03-09,9:00 PM,6:00 PM,N.Y. Islanders,Anaheim,,,
Mon.,2025-03-10,6:30 PM,6:30 PM,Edmonton,Buffalo,,,
Mon.,2025-03-10,7:30 PM,7:30 PM,Detroit,Ottawa,,,
Mon.,2025-03-10,9:00 PM,7:00 PM,Chicago,Colorado,,,
Mon.,2025-03-10,10:00 PM,8:00 PM,Toronto,Utah,,,
Tue.,2025-03-11,7:00 PM,7:00 PM,Florida,Boston,,,
Tue.,2025-03-11,7:00 PM,7:00 PM,Columbus,New Jersey,,,
Tue.,2025-03-11,7:00 PM,7:00 PM,Ottawa,Philadelphia,,,
Tue.,2025-03-11,7:00 PM,7:00 PM,Vegas,Pittsburgh,,,
Tue.,2025-03-11,7:00 PM,7:00 PM,Tampa Bay,Carolina,,,
Tue.,2025-03-11,8:00 PM,7:00 PM,Colorado,Minnesota,,,
Tue.,2025-03-11,8:00 PM,7:00 PM,N.Y. Rangers,Winnipeg,,,
Tue.,2025-03-11,10:00 PM,7:00 PM,Montreal,Vancouver,,,
Tue.,2025-03-11,10:00 PM,7:00 PM,Washington,Anaheim,,,
Tue.,2025-03-11,10:30 PM,7:30 PM,N.Y. Islanders,Los Angeles,,,
Tue.,2025-03-11,10:30 PM,7:30 PM,Nashville,San Jose,,,
Wed.,2025-03-12,7:30 PM,7:30 PM,Buffalo,Detroit,,,
Wed.,2025-03-12,9:00 PM,7:00 PM,Vancouver,Calgary,,,
Wed.,2025-03-12,9:00 PM,7:00 PM,Anaheim,Utah,,,
Wed.,2025-03-12,10:30 PM,7:30 PM,Montreal,Seattle,,,
Thu.,2025-03-13,7:00 PM,7:00 PM,Florida,Toronto,,,
Thu.,2025-03-13,7:00 PM,7:00 PM,Boston,Ottawa,,,
Thu.,2025-03-13,7:00 PM,7:00 PM,Edmonton,New Jersey,,,
Thu.,2025-03-13,7:00 PM,7:00 PM,Tampa Bay,Philadelphia,,,
Thu.,2025-03-13,7:00 PM,7:00 PM,St. Louis,Pittsburgh,,,
Thu.,2025-03-13,7:00 PM,7:00 PM,Vegas,Columbus,,,
Thu.,2025-03-13,8:00 PM,7:00 PM,N.Y. Rangers,Minnesota,,,
Thu.,2025-03-13,10:30 PM,7:30 PM,Washington,Los Angeles,,,
Thu.,2025-03-13,10:30 PM,7:30 PM,Chicago,San Jose,,,
Fri.,2025-03-14,7:00 PM,7:00 PM,Detroit,Carolina,,,
Fri.,2025-03-14,7:30 PM,7:30 PM,Edmonton,N.Y. Islanders,,,
Fri.,2025-03-14,8:00 PM,7:00 PM,Dallas,Winnipeg,,,
Fri.,2025-03-14,9:00 PM,7:00 PM,Colorado,Calgary,,,
Fri.,2025-03-14,10:00 PM,7:00 PM,Nashville,Anaheim,,,
Fri.,2025-03-14,10:00 PM,7:00 PM,Utah,Seattle,,,
Sat.,2025-03-15,12:30 PM,12:30 PM,Vegas,Buffalo,,,
Sat.,2025-03-15,3:00 PM,3:00 PM,New Jersey,Pittsburgh,,,
Sat.,2025-03-15,5:00 PM,2:00 PM,Washington,San Jose,,,
Sat.,2025-03-15,7:00 PM,7:00 PM,Tampa Bay,Boston,,,
Sat.,2025-03-15,7:00 PM,7:00 PM,Ottawa,Toronto,,,
Sat.,2025-03-15,7:00 PM,7:00 PM,Florida,Montreal,,,
Sat.,2025-03-15,7:00 PM,7:00 PM,Carolina,Philadelphia,,,
Sat.,2025-03-15,7:00 PM,7:00 PM,N.Y. Rangers,Columbus,,,
Sat.,2025-03-15,8:00 PM,7:00 PM,St. Louis,Minnesota,,,
Sat.,2025-03-15,8:00 PM,5:00 PM,Nashville,Los Angeles,,,
Sat.,2025-03-15,10:00 PM,7:00 PM,Chicago,Vancouver,,,
Sun.,2025-03-16,1:00 PM,1:00 PM,Vegas,Detroit,,,
Sun.,2025-03-16,3:30 PM,1:30 PM,Dallas,Colorado,,,
Sun.,2025-03-16,6:00 PM,5:00 PM,Anaheim,St. Louis,,,
Sun.,2025-03-16,7:00 PM,7:00 PM,Edmonton,N.Y. Rangers,,,
Sun.,2025-03-16,7:30 PM,7:30 PM,Florida,N.Y. Islanders,,,
Sun.,2025-03-16,8:00 PM,5:00 PM,Utah,Vancouver,,,
Sun.,2025-03-16,9:00 PM,6:00 PM,Winnipeg,Seattle,,,
Mon.,2025-03-17,7:00 PM,7:00 PM,Buffalo,Boston,,,
Mon.,2025-03-17,7:00 PM,7:00 PM,Philadelphia,Tampa Bay,,,
Mon.,2025-03-17,7:00 PM,7:00 PM,New Jersey,Columbus,,,
Mon.,2025-03-17,7:30 PM,7:30 PM,Calgary,Toronto,,,
Mon.,2025-03-17,8:00 PM,7:00 PM,Los Angeles,Minnesota,,,
Tue.,2025-03-18,7:00 PM,7:00 PM,Ottawa,Montreal,,,
Tue.,2025-03-18,7:00 PM,7:00 PM,Calgary,N.Y. Rangers,,,
Tue.,2025-03-18,7:00 PM,7:00 PM,N.Y. Islanders,Pittsburgh,,,
Tue.,2025-03-18,7:00 PM,7:00 PM,Detroit,Washington,,,
Tue.,2025-03-18,8:00 PM,7:00 PM,St. Louis,Nashville,,,
Tue.,2025-03-18,8:00 PM,7:00 PM,Anaheim,Dallas,,,
Tue.,2025-03-18,8:30 PM,7:30 PM,Seattle,Chicago,,,
Tue.,2025-03-18,9:00 PM,7:00 PM,Utah,Edmonton,,,
Tue.,2025-03-18,10:00 PM,7:00 PM,Winnipeg,Vancouver,,,
Wed.,2025-03-19,7:00 PM,7:00 PM,Colorado,Toronto,,,
Wed.,2025-03-19,9:30 PM,8:30 PM,Seattle,Minnesota,,,
Thu.,2025-03-20,7:00 PM,7:00 PM,Colorado,Ottawa,,,
Thu.,2025-03-20,7:00 PM,7:00 PM,Calgary,New Jersey,,,
Thu.,2025-03-20,7:00 PM,7:00 PM,Toronto,N.Y. Rangers,,,
Thu.,2025-03-20,7:00 PM,7:00 PM,Philadelphia,Washington,,,
Thu.,2025-03-20,7:00 PM,7:00 PM,Florida,Columbus,,,
Thu.,2025-03-20,7:30 PM,7:30 PM,Montreal,N.Y. Islanders,,,
Thu.,2025-03-20,8:00 PM,7:00 PM,Vancouver,St. Louis,,,
Thu.,2025-03-20,8:00 PM,7:00 PM,Anaheim,Nashville,,,
Thu.,2025-03-20,8:00 PM,7:00 PM,Tampa Bay,Dallas,,,
Thu.,2025-03-20,8:30 PM,7:30 PM,Los Angeles,Chicago,,,
Thu.,2025-03-20,9:00 PM,7:00 PM,Winnipeg,Edmonton,,,
Thu.,2025-03-20,9:00 PM,7:00 PM,Buffalo,Utah,,,
Thu.,2025-03-20,10:00 PM,7:00 PM,Boston,Vegas,,,
Thu.,2025-03-20,10:30 PM,7:30 PM,Carolina,San Jose,,,
Fri.,2025-03-21,7:00 PM,7:00 PM,Columbus,Pittsburgh,,,
Sat.,2025-03-22,1:00 PM,1:00 PM,Vancouver,N.Y. Rangers,,,
Sat.,2025-03-22,2:00 PM,1:00 PM,Philadelphia,Dallas,,,
Sat.,2025-03-22,2:00 PM,1:00 PM,Buffalo,Minnesota,,,
Sat.,2025-03-22,3:00 PM,2:00 PM,Chicago,St. Louis,,,
Sat.,2025-03-22,4:00 PM,4:00 PM,Calgary,N.Y. Islanders,,,
Sat.,2025-03-22,4:00 PM,1:00 PM,Carolina,Los Angeles,,,
Sat.,2025-03-22,5:00 PM,5:00 PM,Florida,Washington,,,
Sat.,2025-03-22,5:00 PM,3:00 PM,Tampa Bay,Utah,,,
Sat.,2025-03-22,7:00 PM,7:00 PM,Colorado,Montreal,,,
Sat.,2025-03-22,7:00 PM,7:00 PM,Ottawa,New Jersey,,,
Sat.,2025-03-22,7:00 PM,6:00 PM,Toronto,Nashville,,,
Sat.,2025-03-22,8:00 PM,5:00 PM,Detroit,Vegas,,,
Sat.,2025-03-22,10:00 PM,8:00 PM,Seattle,Edmonton,,,
Sat.,2025-03-22,10:30 PM,7:30 PM,Boston,San Jose,,,
Sun.,2025-03-23,3:00 PM,2:00 PM,Philadelphia,Chicago,,,
Sun.,2025-03-23,3:00 PM,2:00 PM,Buffalo,Winnipeg,,,
Sun.,2025-03-23,6:00 PM,6:00 PM,Pittsburgh,Florida,,,
Sun.,2025-03-23,6:00 PM,5:00 PM,Nashville,St. Louis,,,
Sun.,2025-03-23,8:00 PM,5:00 PM,Tampa Bay,Vegas,,,
Sun.,2025-03-23,8:00 PM,5:00 PM,Carolina,Anaheim,,,
Sun.,2025-03-23,9:00 PM,6:00 PM,Boston,Los Angeles,,,
Mon.,2025-03-24,7:30 PM,7:30 PM,Vancouver,New Jersey,,,
Mon.,2025-03-24,7:30 PM,7:30 PM,Columbus,N.Y. Islanders,,,
Mon.,2025-03-24,8:00 PM,7:00 PM,Minnesota,Dallas,,,
Mon.,2025-03-24,9:00 PM,7:00 PM,Detroit,Utah,,,
Tue.,2025-03-25,7:00 PM,7:00 PM,Ottawa,Buffalo,,,
Tue.,2025-03-25,7:00 PM,7:00 PM,Philadelphia,Toronto,,,
Tue.,2025-03-25,7:00 PM,7:00 PM,Pittsburgh,Tampa Bay,,,
Tue.,2025-03-25,7:00 PM,7:00 PM,Nashville,Carolina,,,
Tue.,2025-03-25,8:00 PM,7:00 PM,Montreal,St. Louis,,,
Tue.,2025-03-25,8:00 PM,7:00 PM,Vegas,Minnesota,,,
Tue.,2025-03-25,8:00 PM,7:00 PM,Washington,Winnipeg,,,
Tue.,2025-03-25,9:00 PM,7:00 PM,Detroit,Colorado,,,
Tue.,2025-03-25,9:00 PM,7:00 PM,Seattle,Calgary,,,
Tue.,2025-03-25,10:30 PM,7:30 PM,N.Y. Rangers,Los Angeles,,,
Wed.,2025-03-26,7:30 PM,7:30 PM,Vancouver,N.Y. Islanders,,,
Wed.,2025-03-26,7:30 PM,6:30 PM,New Jersey,Chicago,,,
Wed.,2025-03-26,10:00 PM,8:00 PM,Dallas,Edmonton,,,
Wed.,2025-03-26,10:00 PM,7:00 PM,Boston,Anaheim,,,
Thu.,2025-03-27,7:00 PM,7:00 PM,Pittsburgh,Buffalo,,,
Thu.,2025-03-27,7:00 PM,7:00 PM,Ottawa,Detroit,,,
Thu.,2025-03-27,7:00 PM,7:00 PM,Utah,Tampa Bay,,,
Thu.,2025-03-27,7:00 PM,7:00 PM,Montreal,Philadelphia,,,
Thu.,2025-03-27,8:00 PM,7:00 PM,St. Louis,Nashville,,,
Thu.,2025-03-27,8:00 PM,7:00 PM,Washington,Minnesota,,,
Thu.,2025-03-27,9:00 PM,7:00 PM,Los Angeles,Colorado,,,
Thu.,2025-03-27,9:00 PM,7:00 PM,Dallas,Calgary,,,
Thu.,2025-03-27,10:00 PM,7:00 PM,Edmonton,Seattle,,,
Thu.,2025-03-27,10:30 PM,7:30 PM,Toronto,San Jose,,,
Fri.,2025-03-28,7:00 PM,7:00 PM,Utah,Florida,,,
Fri.,2025-03-28,7:00 PM,7:00 PM,Montreal,Carolina,,,
Fri.,2025-03-28,7:00 PM,7:00 PM,Vancouver,Columbus,,,
Fri.,2025-03-28,8:00 PM,7:00 PM,New Jersey,Winnipeg,,,
Fri.,2025-03-28,8:30 PM,7:30 PM,Vegas,Chicago,,,
Fri.,2025-03-28,10:00 PM,7:00 PM,N.Y. Rangers,Anaheim,,,
Sat.,2025-03-29,1:00 PM,1:00 PM,Buffalo,Philadelphia,,,
Sat.,2025-03-29,2:00 PM,2:00 PM,N.Y. Islanders,Tampa Bay,,,
Sat.,2025-03-29,4:30 PM,2:30 PM,St. Louis,Colorado,,,
Sat.,2025-03-29,6:00 PM,5:00 PM,New Jersey,Minnesota,,,
Sat.,2025-03-29,6:30 PM,5:30 PM,Vegas,Nashville,,,
Sat.,2025-03-29,7:00 PM,7:00 PM,Columbus,Ottawa,,,
Sat.,2025-03-29,7:00 PM,4:00 PM,Toronto,Los Angeles,,,
Sat.,2025-03-29,8:00 PM,8:00 PM,Boston,Detroit,,,
Sat.,2025-03-29,10:00 PM,8:00 PM,Calgary,Edmonton,,,
Sat.,2025-03-29,10:30 PM,7:30 PM,N.Y. Rangers,San Jose,,,
Sat.,2025-03-29,10:30 PM,7:30 PM,Dallas,Seattle,,,
Sun.,2025-03-30,1:00 PM,1:00 PM,Montreal,Florida,,,
Sun.,2025-03-30,3:00 PM,3:00 PM,Buffalo,Washington,,,
Sun.,2025-03-30,3:00 PM,2:00 PM,Vancouver,Winnipeg,,,
Sun.,2025-03-30,4:00 PM,3:00 PM,Utah,Chicago,,,
Sun.,2025-03-30,5:00 PM,5:00 PM,Ottawa,Pittsburgh,,,
Sun.,2025-03-30,5:00 PM,5:00 PM,N.Y. Islanders,Carolina,,,
Sun.,2025-03-30,8:00 PM,5:00 PM,Toronto,Anaheim,,,
Sun.,2025-03-30,9:00 PM,6:00 PM,San Jose,Los Angeles,,,
Mon.,2025-03-31,7:00 PM,7:00 PM,Minnesota,New Jersey,,,
Mon.,2025-03-31,7:00 PM,7:00 PM,Nashville,Philadelphia,,,
Mon.,2025-03-31,8:30 PM,6:30 PM,Calgary,Colorado,,,
Mon.,2025-03-31,10:00 PM,7:00 PM,Dallas,Seattle,,,
Tue.,2025-04-01,7:00 PM,7:00 PM,Washington,Boston,,,
Tue.,2025-04-01,7:00 PM,7:00 PM,Florida,Montreal,,,
Tue.,2025-04-01,7:00 PM,7:00 PM,Buffalo,Ottawa,,,
Tue.,2025-04-01,7:00 PM,7:00 PM,Nashville,Columbus,,,
Tue.,2025-04-01,7:30 PM,7:30 PM,Tampa Bay,N.Y. Islanders,,,
Tue.,2025-04-01,8:00 PM,7:00 PM,Detroit,St. Louis,,,
Tue.,2025-04-01,9:00 PM,7:00 PM,Calgary,Utah,,,
Tue.,2025-04-01,10:00 PM,7:00 PM,Edmonton,Vegas,,,
Tue.,2025-04-01,10:00 PM,7:00 PM,San Jose,Anaheim,,,
Tue.,2025-04-01,10:30 PM,7:30 PM,Winnipeg,Los Angeles,,,
Wed.,2025-04-02,7:00 PM,7:00 PM,Minnesota,N.Y. Rangers,,,
Wed.,2025-04-02,7:00 PM,7:00 PM,Washington,Carolina,,,
Wed.,2025-04-02,7:30 PM,7:30 PM,Florida,Toronto,,,
Wed.,2025-04-02,9:30 PM,8:30 PM,Colorado,Chicago,,,
Wed.,2025-04-02,10:30 PM,7:30 PM,Seattle,Vancouver,,,
Thu.,2025-04-03,7:00 PM,7:00 PM,Boston,Montreal,,,
Thu.,2025-04-03,7:00 PM,7:00 PM,Tampa Bay,Ottawa,,,
Thu.,2025-04-03,7:30 PM,7:30 PM,Colorado,Columbus,,,
Thu.,2025-04-03,8:00 PM,7:00 PM,Pittsburgh,St. Louis,,,
Thu.,2025-04-03,8:00 PM,7:00 PM,Nashville,Dallas,,,
Thu.,2025-04-03,9:00 PM,7:00 PM,Los Angeles,Utah,,,
Thu.,2025-04-03,9:30 PM,7:30 PM,Anaheim,Calgary,,,
Thu.,2025-04-03,10:00 PM,7:00 PM,Winnipeg,Vegas,,,
Thu.,2025-04-03,10:30 PM,7:30 PM,Edmonton,San Jose,,,
Fri.,2025-04-04,7:00 PM,7:00 PM,Carolina,Detroit,,,
Fri.,2025-04-04,7:00 PM,7:00 PM,Chicago,Washington,,,
Fri.,2025-04-04,7:30 PM,7:30 PM,Minnesota,N.Y. Islanders,,,
Sat.,2025-04-05,1:00 PM,1:00 PM,N.Y. Rangers,New Jersey,,,
Sat.,2025-04-05,2:00 PM,2:00 PM,Florida,Ottawa,,,
Sat.,2025-04-05,3:30 PM,2:30 PM,Pittsburgh,Dallas,,,
Sat.,2025-04-05,4:00 PM,1:00 PM,Anaheim,Vancouver,,,
Sat.,2025-04-05,4:00 PM,1:00 PM,Edmonton,Los Angeles,,,
Sat.,2025-04-05,7:00 PM,7:00 PM,Carolina,Boston,,,
Sat.,2025-04-05,7:00 PM,7:00 PM,Tampa Bay,Buffalo,,,
Sat.,2025-04-05,7:00 PM,7:00 PM,Columbus,Toronto,,,
Sat.,2025-04-05,7:00 PM,7:00 PM,Philadelphia,Montreal,,,
Sat.,2025-04-05,7:00 PM,6:00 PM,Colorado,St. Louis,,,
Sat.,2025-04-05,7:00 PM,5:00 PM,Winnipeg,Utah,,,
Sat.,2025-04-05,10:00 PM,8:00 PM,Vegas,Calgary,,,
Sat.,2025-04-05,10:00 PM,7:00 PM,Seattle,San Jose,,,
Sun.,2025-04-06,12:30 PM,12:30 PM,Washington,N.Y. Islanders,,,
Sun.,2025-04-06,3:00 PM,2:00 PM,Dallas,Minnesota,,,
Sun.,2025-04-06,5:00 PM,5:00 PM,Columbus,Ottawa,,,
Sun.,2025-04-06,5:30 PM,5:30 PM,Florida,Detroit,,,
Sun.,2025-04-06,6:00 PM,6:00 PM,Boston,Buffalo,,,
Sun.,2025-04-06,6:00 PM,5:00 PM,Pittsburgh,Chicago,,,
Sun.,2025-04-06,7:00 PM,6:00 PM,Montreal,Nashville,,,
Sun.,2025-04-06,10:00 PM,7:00 PM,Vegas,Vancouver,,,
Mon.,2025-04-07,7:00 PM,7:00 PM,Tampa Bay,N.Y. Rangers,,,
Mon.,2025-04-07,7:30 PM,6:30 PM,St. Louis,Winnipeg,,,
Mon.,2025-04-07,10:30 PM,7:30 PM,Edmonton,Anaheim,,,
Mon.,2025-04-07,10:30 PM,7:30 PM,Seattle,Los Angeles,,,
Mon.,2025-04-07,10:30 PM,7:30 PM,Calgary,San Jose,,,
Tue.,2025-04-08,7:00 PM,7:00 PM,Carolina,Buffalo,,,
Tue.,2025-04-08,7:00 PM,7:00 PM,Detroit,Montreal,,,
Tue.,2025-04-08,7:00 PM,7:00 PM,Toronto,Florida,,,
Tue.,2025-04-08,7:00 PM,7:00 PM,Boston,New Jersey,,,
Tue.,2025-04-08,7:00 PM,7:00 PM,Ottawa,Columbus,,,
Tue.,2025-04-08,7:30 PM,7:30 PM,Chicago,Pittsburgh,,,
Tue.,2025-04-08,8:00 PM,7:00 PM,N.Y. Islanders,Nashville,,,
Tue.,2025-04-08,8:00 PM,7:00 PM,Vancouver,Dallas,,,
Tue.,2025-04-08,9:00 PM,7:00 PM,Seattle,Utah,,,
Tue.,2025-04-08,10:00 PM,8:00 PM,Vegas,Colorado,,,
Wed.,2025-04-09,7:00 PM,7:00 PM,Toronto,Tampa Bay,,,
Wed.,2025-04-09,7:30 PM,7:30 PM,Philadelphia,N.Y. Rangers,,,
Wed.,2025-04-09,8:00 PM,7:00 PM,San Jose,Minnesota,,,
Wed.,2025-04-09,10:00 PM,8:00 PM,St. Louis,Edmonton,,,
Wed.,2025-04-09,10:00 PM,7:00 PM,Calgary,Anaheim,,,
Thu.,2025-04-10,7:00 PM,7:00 PM,Chicago,Boston,,,
Thu.,2025-04-10,7:00 PM,7:00 PM,Detroit,Florida,,,
Thu.,2025-04-10,7:00 PM,7:00 PM,Carolina,Washington,,,
Thu.,2025-04-10,7:00 PM,7:00 PM,Buffalo,Columbus,,,
Thu.,2025-04-10,7:30 PM,7:30 PM,N.Y. Rangers,N.Y. Islanders,,,
Thu.,2025-04-10,8:00 PM,7:00 PM,Winnipeg,Dallas,,,
Thu.,2025-04-10,9:00 PM,7:00 PM,Vancouver,Colorado,,,
Thu.,2025-04-10,9:00 PM,7:00 PM,Nashville,Utah,,,
Thu.,2025-04-10,10:00 PM,7:00 PM,Seattle,Vegas,,,
Thu.,2025-04-10,10:30 PM,7:30 PM,Anaheim,Los Angeles,,,
Fri.,2025-04-11,7:00 PM,7:00 PM,Montreal,Ottawa,,,
Fri.,2025-04-11,7:00 PM,7:00 PM,Detroit,Tampa Bay,,,
Fri.,2025-04-11,7:00 PM,7:00 PM,Pittsburgh,New Jersey,,,
Fri.,2025-04-11,9:30 PM,7:30 PM,San Jose,Edmonton,,,
Fri.,2025-04-11,10:00 PM,8:00 PM,Minnesota,Calgary,,,
Sat.,2025-04-12,1:00 PM,1:00 PM,N.Y. Islanders,Philadelphia,,,
Sat.,2025-04-12,3:30 PM,3:30 PM,N.Y. Rangers,Carolina,,,
Sat.,2025-04-12,4:00 PM,1:00 PM,Colorado,Los Angeles,,,
Sat.,2025-04-12,6:00 PM,6:00 PM,Buffalo,Florida,,,
Sat.,2025-04-12,7:00 PM,7:00 PM,Montreal,Toronto,,,
Sat.,2025-04-12,7:00 PM,7:00 PM,Washington,Columbus,,,
Sat.,2025-04-12,7:00 PM,6:00 PM,Winnipeg,Chicago,,,
Sat.,2025-04-12,8:00 PM,7:00 PM,Utah,Dallas,,,
Sat.,2025-04-12,10:00 PM,7:00 PM,Minnesota,Vancouver,,,
Sat.,2025-04-12,10:00 PM,7:00 PM,Nashville,Vegas,,,
Sat.,2025-04-12,10:00 PM,7:00 PM,St. Louis,Seattle,,,
Sun.,2025-04-13,1:00 PM,1:00 PM,Philadelphia,Ottawa,,,
Sun.,2025-04-13,1:00 PM,1:00 PM,N.Y. Islanders,New Jersey,,,
Sun.,2025-04-13,3:30 PM,3:30 PM,Boston,Pittsburgh,,,
Sun.,2025-04-13,5:00 PM,5:00 PM,Toronto,Carolina,,,
Sun.,2025-04-13,6:00 PM,6:00 PM,Buffalo,Tampa Bay,,,
Sun.,2025-04-13,6:00 PM,6:00 PM,Columbus,Washington,,,
Sun.,2025-04-13,7:00 PM,6:00 PM,Edmonton,Winnipeg,,,
Sun.,2025-04-13,8:00 PM,6:00 PM,San Jose,Calgary,,,
Sun.,2025-04-13,8:00 PM,5:00 PM,Colorado,Anaheim,,,
Mon.,2025-04-14,7:00 PM,7:00 PM,Chicago,Montreal,,,
Mon.,2025-04-14,7:00 PM,7:00 PM,Dallas,Detroit,,,
Mon.,2025-04-14,7:00 PM,7:00 PM,N.Y. Rangers,Florida,,,
Mon.,2025-04-14,8:00 PM,7:00 PM,Utah,Nashville,,,
Mon.,2025-04-14,10:00 PM,8:00 PM,Los Angeles,Edmonton,,,
Mon.,2025-04-14,10:00 PM,7:00 PM,San Jose,Vancouver,,,
Tue.,2025-04-15,7:00 PM,7:00 PM,New Jersey,Boston,,,
Tue.,2025-04-15,7:00 PM,7:00 PM,Toronto,Buffalo,,,
Tue.,2025-04-15,7:00 PM,7:00 PM,Chicago,Ottawa,,,
Tue.,2025-04-15,7:00 PM,7:00 PM,Florida,Tampa Bay,,,
Tue.,2025-04-15,7:00 PM,7:00 PM,Columbus,Philadelphia,,,
Tue.,2025-04-15,7:30 PM,7:30 PM,Washington,N.Y. Islanders,,,
Tue.,2025-04-15,8:00 PM,7:00 PM,Utah,St. Louis,,,
Tue.,2025-04-15,8:00 PM,7:00 PM,Anaheim,Minnesota,,,
Tue.,2025-04-15,9:00 PM,7:00 PM,Vegas,Calgary,,,
Tue.,2025-04-15,10:30 PM,7:30 PM,Los Angeles,Seattle,,,
Wed.,2025-04-16,7:00 PM,7:00 PM,Carolina,Montreal,,,
Wed.,2025-04-16,7:00 PM,6:00 PM,Anaheim,Winnipeg,,,
Wed.,2025-04-16,7:30 PM,7:30 PM,Detroit,New Jersey,,,
Wed.,2025-04-16,8:00 PM,7:00 PM,Dallas,Nashville,,,
Wed.,2025-04-16,10:00 PM,7:00 PM,Vegas,Vancouver,,,
Wed.,2025-04-16,10:30 PM,7:30 PM,Edmonton,San Jose,,,
Thu.,2025-04-17,7:00 PM,7:00 PM,Philadelphia,Buffalo,,,
Thu.,2025-04-17,7:00 PM,7:00 PM,Detroit,Toronto,,,
Thu.,2025-04-17,7:00 PM,7:00 PM,Carolina,Ottawa,,,
Thu.,2025-04-17,7:00 PM,7:00 PM,Tampa Bay,N.Y. Rangers,,,
Thu.,2025-04-17,7:00 PM,7:00 PM,Washington,Pittsburgh,,,
Thu.,2025-04-17,7:00 PM,7:00 PM,N.Y. Islanders,Columbus,,,
